Time,GyroX,GyroY,GyroZ,AcceX,AcceY,AcceZ,MagnX,MagnY,MagnZ,Baro,Result,TrueResult,TimeB,BaroB
01:42.3,0.078658304,0.248991377,0.203344262,-0.437662395,-1.378109051,-1.47020195,-0.09724609,1.425089291,1.01054582,1008.18,1,1,01:42.3,1008.79
01:43.3,16.15727228,15.40432369,4.804753713,-5.066928842,-3.708161352,5.046046006,6.791822195,-2.384337874,-7.71224902,1008.17,1,1,01:43.3,1008.75
01:44.3,-29.48140205,33.80811798,76.12255821,27.82011928,-64.80725821,-57.73832497,122.6787248,360.8418836,450.5812614,1008.14,1,1,01:44.3,1008.78
01:45.3,0.129681521,78.00716678,72.06026405,-4.847025935,-74.24805111,-37.44209327,136.9725942,350.1233182,434.8657321,1008.14,1,1,01:45.3,1008.77
01:46.3,-4.894158804,87.62588839,90.5665823,8.928265936,-70.94225365,-40.22835025,134.1415482,349.1790972,434.8493357,1008.15,1,1,01:46.3,1008.75
01:47.3,-4.894779154,87.62455045,90.56651732,8.929092566,-70.94199737,-40.2288857,134.141192,349.1793771,434.8496725,1008.11,1,1,01:47.3,1008.74
01:48.3,-4.89546758,87.62361524,90.56616641,8.929219772,-70.94238951,-40.22987504,134.1413906,349.1824882,434.8546476,1008.15,1,1,01:48.3,1008.73
01:49.3,-4.893281134,87.62482761,90.5645521,8.927521857,-70.94044451,-40.2261302,134.1394337,349.1700131,434.8365998,1008.17,1,1,01:49.3,1008.73
01:50.3,-4.895539216,87.62329659,90.56683229,8.929992738,-70.9424453,-40.23015638,134.1416735,349.1827687,434.8541401,1008.17,1,1,01:50.3,1008.76
01:51.3,-4.894867243,87.62487739,90.56705171,8.928629285,-70.94426413,-40.23086988,134.1438226,349.1886484,434.8620663,1008.16,1,1,01:51.3,1008.78
01:52.3,-4.89471343,87.62596745,90.56764507,8.928551491,-70.94428945,-40.23061682,134.1439225,349.1884283,434.8618969,1008.16,1,1,01:52.3,1008.75
01:53.3,-4.894499833,87.6261316,90.56751273,8.92854852,-70.943624,-40.22984374,134.1431962,349.1853087,434.8575953,1008.15,1,1,01:53.3,1008.72
01:54.3,-4.89490818,87.62547999,90.56744543,8.928955804,-70.94342376,-40.23011131,134.1428833,349.185393,434.8579321,1008.14,1,1,01:54.3,1008.74
01:55.3,-4.894635285,87.62523974,90.56671653,8.928611283,-70.94278819,-40.22932258,134.1421004,349.1822972,434.8537993,1008.19,1,1,01:55.3,1008.77
01:56.3,-4.893888319,87.62563773,90.56663395,8.928355022,-70.94245528,-40.22840175,134.1419487,349.1793051,434.8488228,1008.15,1,1,01:56.4,1008.82
01:57.3,-4.896349969,87.62433628,90.56855113,8.930191409,-70.94502768,-40.23294269,134.1446044,349.194888,434.8711702,1008.2,1,1,01:57.4,1008.82
01:58.3,-4.892867256,87.62755584,90.56679811,8.926923667,-70.94368547,-40.2282813,134.1435102,349.1820692,434.8522787,1008.25,1,1,01:58.3,1008.77
01:59.3,-4.89532093,87.62684198,90.57047997,8.930015692,-70.94636792,-40.23305019,134.1467283,349.1979,434.8736137,1008.19,1,1,01:59.3,1008.79
02:00.3,-4.896215011,87.62782963,90.57165957,8.929521355,-70.94962902,-40.23639105,134.1502334,349.2129674,434.8952861,1008.15,1,1,02:00.3,1008.79
02:01.3,-4.893656623,87.62997458,90.56929619,8.927103029,-70.9461952,-40.23078388,134.1463828,349.1938572,434.8693115,1008.2,1,1,02:01.3,1008.78
02:02.3,-4.893577063,87.62840108,90.56869935,8.928414107,-70.94329096,-40.22855852,134.1432089,349.1819643,434.852276,1008.22,1,1,02:02.3,1008.79
02:03.3,-4.89572298,87.62631981,90.57024521,8.930210494,-70.94613418,-40.23322944,134.146312,349.1978846,434.8741172,1008.21,1,1,02:03.3,1008.81
02:04.3,-4.89491254,87.62820523,90.57037689,8.928569621,-70.94799882,-40.23379624,134.1484964,349.2036712,434.8820434,1008.19,1,1,02:04.3,1008.76
02:05.3,-4.894616801,87.62920988,90.57058855,8.928418291,-70.94731828,-40.23280629,134.1477586,349.2003376,434.8777418,1008.17,1,1,02:05.3,1008.82
02:06.3,-4.894605802,87.62856059,90.56983492,8.928613571,-70.94578311,-40.23153921,134.1459091,349.1941991,434.8696456,1008.2,1,1,02:06.3,1008.76
02:07.3,-4.893996503,87.62806807,90.56895789,8.928420067,-70.94461605,-40.23009887,134.1446615,349.1881973,434.8608744,1008.18,1,1,02:07.3,1008.81
02:08.3,-4.895711495,87.62657938,90.56991118,8.929785528,-70.94606802,-40.23305362,134.1461051,349.197686,434.8744513,1008.13,1,1,02:08.5,1008.83
02:09.3,-4.89475141,87.6270134,90.56819104,8.928264223,-70.94493511,-40.23103691,134.1446453,349.1912157,434.8661863,1008.19,1,1,02:09.3,1008.78
02:10.4,-4.892968304,87.62738066,90.56680456,8.927596034,-70.94207571,-40.22704623,134.1416899,349.1758881,434.8440064,1008.19,1,1,02:10.3,1008.78
02:11.3,-4.89626122,87.62477301,90.56937731,8.930680513,-70.94509398,-40.23297164,134.1449033,349.194953,434.8706545,1008.14,1,1,02:11.3,1008.79
02:12.3,-4.894969105,87.62638768,90.56806123,8.928273668,-70.94562251,-40.23190235,134.145391,349.1944433,434.8704852,1008.16,1,1,02:12.3,1008.82
02:13.3,-4.893374902,87.62724922,90.56686463,8.927586927,-70.94259448,-40.22781651,134.1421467,349.1788939,434.8486427,1008.19,1,1,02:13.4,1008.75
02:14.3,-4.895021835,87.6253578,90.56810386,8.929651821,-70.94339804,-40.23031738,134.1430354,349.1855513,434.8575812,1008.16,1,1,02:14.3,1008.78
02:15.3,-4.895581685,87.62537582,90.56841797,8.929306328,-70.94537031,-40.23242629,134.1451189,349.194707,434.8706519,1008.18,1,1,02:15.3,1008.76
02:16.3,-4.893590517,87.62734094,90.56745226,8.927598522,-70.94403929,-40.22926234,134.1438494,349.1851273,434.856905,1008.15,1,1,02:16.3,1008.78
02:17.3,-4.895697266,87.6255974,90.56872714,8.929774771,-70.94452054,-40.23178974,134.1441716,349.1915549,434.8665184,1008.18,1,1,02:17.3,1008.82
02:18.3,-4.893519912,87.62687248,90.56698339,8.927666917,-70.94332152,-40.22864496,134.1430038,349.1821145,434.8527715,1008.19,1,1,02:18.3,1008.84
02:19.3,-4.895362107,87.62573382,90.56887122,8.929721911,-70.94473905,-40.2317267,134.14458,349.1916674,434.8660109,1008.25,1,1,02:19.3,1008.85
02:20.3,-4.893873713,87.62796353,90.56925918,8.928172757,-70.94626705,-40.23148484,134.1466888,349.1945507,434.8687925,1008.22,1,1,02:20.3,1008.84
02:21.3,-4.896254021,87.62808847,90.57240254,8.930075447,-70.94961271,-40.2364751,134.1503935,349.2130225,434.8949346,1008.18,1,1,02:21.3,1008.84
02:22.3,-4.894189002,87.6303709,90.57076921,8.927594679,-70.94822423,-40.23302815,134.1488411,349.2031606,434.8816938,1008.24,1,1,02:22.3,1008.83
02:23.3,-4.893216996,87.63048097,90.57039064,8.927949268,-70.94572905,-40.2301448,134.146301,349.1909949,434.8639835,1008.24,1,1,02:23.3,1008.82
02:24.3,-4.896171044,87.62827398,90.57277959,8.930555958,-70.94890547,-40.2358372,134.1497158,349.2099798,434.890463,1008.23,1,1,02:24.3,1008.82
02:25.3,-4.894401942,87.63065849,90.57194506,8.928024812,-70.94970572,-40.23454994,134.1507314,349.2094767,434.8896186,1008.2,1,1,02:25.3,1008.82
02:26.3,-4.894854549,87.63061151,90.5722741,8.928758608,-70.9486676,-40.23406144,134.1494791,349.2063084,434.8858233,1008.18,1,1,02:26.4,1008.83
02:27.3,-4.894371337,87.62981871,90.57069637,8.92840894,-70.94661006,-40.23192009,134.1470129,349.1970881,434.8734262,1008.18,1,1,02:27.3,1008.78
02:28.3,-4.89444248,87.62832894,90.56959875,8.928752579,-70.94508999,-40.23086987,134.1451749,349.1911635,434.8653299,1008.21,1,1,02:28.3,1008.79
02:29.3,-4.894388021,87.62766093,90.56933097,8.92883601,-70.94518105,-40.23102505,134.1453252,349.1913806,434.8651605,1008.19,1,1,02:29.3,1008.77
02:30.3,-4.895555092,87.6271278,90.57026294,8.929516769,-70.94687823,-40.23356471,134.147117,349.2006909,434.8783999,1008.17,1,1,02:30.3,1008.81
02:31.3,-4.894318387,87.62823546,90.56912037,8.928071659,-70.94590461,-40.23141643,134.1460187,349.1942141,434.8696288,1008.19,1,1,02:31.3,1008.83
02:32.3,-4.894104305,87.62787812,90.56885889,8.928485061,-70.94451849,-40.23013897,134.1445228,349.1881714,434.8610264,1008.19,1,1,02:32.3,1008.81
02:33.3,-4.895205959,87.6267464,90.56948857,8.929446699,-70.94553057,-40.23214875,134.1455724,349.1945678,434.8699649,1008.18,1,1,02:33.3,1008.79
02:34.3,-4.894662562,87.62737397,90.56904298,8.928555943,-70.94576927,-40.23174267,134.1458367,349.194403,434.8697955,1008.17,1,1,02:34.3,1008.81
02:35.3,-4.894584458,87.62736496,90.56883356,8.928617903,-70.94502702,-40.23103045,134.1449716,349.1912795,434.8656627,1008.19,1,1,02:35.3,1008.81
02:36.3,-4.894243974,87.62724348,90.56851973,8.928556434,-70.94446369,-40.23029219,134.1444035,349.1882755,434.8611924,1008.17,1,1,02:36.3,1008.82
02:37.3,-4.895407585,87.62632032,90.56915774,8.929441077,-70.94540921,-40.23224164,134.1453223,349.1945656,434.8702997,1008.18,1,1,02:37.3,1008.82
02:38.3,-4.89397343,87.62739259,90.56808392,8.928008032,-70.94457896,-40.23009283,134.1444936,349.188199,434.8611911,1008.2,1,1,02:38.3,1008.78
02:39.3,-4.894721468,87.62692619,90.56908262,8.929107822,-70.9450089,-40.23125965,134.1450397,349.1914663,434.8654913,1008.19,1,1,02:39.3,1008.79
02:40.3,-4.895136733,87.62705466,90.56960324,8.929107339,-70.94631199,-40.23270764,134.1464729,349.1975911,434.8740923,1008.22,1,1,02:40.3,1008.79
02:41.3,-4.893903803,87.62861676,90.56950768,8.928089381,-70.94615772,-40.23131139,134.1465385,349.1943143,434.8689472,1008.19,1,1,02:41.3,1008.81
02:42.3,-4.895740051,87.62774103,90.57106586,8.929719397,-70.94751324,-40.23422147,134.1479078,349.203673,434.882524,1008.18,1,1,02:42.3,1008.74
02:43.3,-4.893960571,87.62895543,90.56934944,8.927799901,-70.94605849,-40.23116357,134.1463043,349.1941091,434.8692833,1008.16,1,1,02:43.3,1008.76
02:44.4,-4.894904778,87.62741701,90.56926806,8.929089353,-70.94483603,-40.23116033,134.1447506,349.19124,434.8658254,1008.19,1,1,02:44.3,1008.76
02:45.3,-4.893891634,87.62724812,90.56803404,8.928282456,-70.94386272,-40.2294614,134.143732,349.1851673,434.8568854,1008.16,1,1,02:45.3,1008.82
02:46.3,-4.895806993,87.62566324,90.56908336,8.929848413,-70.94520227,-40.23250257,134.1450093,349.1946429,434.8706311,1008.2,1,1,02:46.3,1008.82
02:47.3,-4.893285176,87.62766644,90.56757925,8.927468731,-70.94416715,-40.22911486,134.1441271,349.1851081,434.8565467,1008.22,1,1,02:47.3,1008.76
02:48.3,-4.895399174,87.62676737,90.57019511,8.929868256,-70.94621943,-40.23298453,134.1464862,349.197756,434.8739182,1008.18,1,1,02:48.3,1008.75
02:49.3,-4.895334107,87.62773261,90.57027935,8.92890002,-70.94769548,-40.23396695,134.1480528,349.2036106,434.8825193,1008.19,1,1,02:49.3,1008.75
02:50.3,-4.893539904,87.62921162,90.56911576,8.927596521,-70.94550042,-40.23029915,134.1457441,349.1909975,434.864809,1008.16,1,1,02:50.3,1008.79
02:51.3,-4.895513333,87.62692387,90.56975036,8.929705667,-70.94530113,-40.23218534,134.145248,349.1944233,434.8702903,1008.19,1,1,02:51.3,1008.81
02:52.3,-4.893545008,87.62764409,90.56784411,8.927804669,-70.94401508,-40.2292226,134.1439335,349.1850813,434.8567121,1008.16,1,1,02:52.3,1008.81
02:53.3,-4.895864247,87.62573572,90.56925045,8.929983892,-70.94516095,-40.23252226,134.144982,349.1946276,434.8706264,1008.16,1,1,02:53.3,1008.81
02:54.3,-4.893819413,87.6269691,90.56726479,8.927728479,-70.94385413,-40.2293525,134.143572,349.1850861,434.8572169,1008.18,1,1,02:54.3,1008.81
02:55.4,-4.894563996,87.62611266,90.56796953,8.929032169,-70.94353239,-40.2299291,134.143245,349.185333,434.857385,1008.19,1,1,02:55.4,1008.81
02:56.8,-4.894917296,87.62603259,90.56848182,8.929108704,-70.94490196,-40.23143733,134.144809,349.1915641,434.8658172,1008.17,1,1,02:56.3,1008.79
02:57.8,-4.894981446,87.6266305,90.56878312,8.928827701,-70.94558618,-40.23196616,134.1455513,349.1944769,434.8701171,1008.18,1,1,02:57.3,1008.83
02:58.9,-4.89401572,87.62745588,90.56823914,8.928143623,-70.94452639,-40.23010139,134.1444662,349.1881718,434.8611773,1008.17,1,1,02:58.3,1008.79
02:59.8,-4.895105222,87.62639297,90.56883338,8.929302627,-70.94476147,-40.23142514,134.1446234,349.1914363,434.8659836,1008.19,1,1,02:59.3,1008.81
03:00.8,-4.894086896,87.62707276,90.56815187,8.92828554,-70.94451442,-40.23022084,134.1444583,349.1882725,434.861176,1008.16,1,1,03:00.3,1008.79
03:01.8,-4.895515924,87.62613071,90.56905917,8.929506062,-70.94531205,-40.23228213,134.1451836,349.1945401,434.8704519,1008.14,1,1,03:01.3,1008.79
03:02.8,-4.894145916,87.62669416,90.56727633,8.927993855,-70.9436579,-40.22949266,134.143267,349.1850615,434.8575486,1008.17,1,1,03:02.3,1008.76
03:03.8,-4.89400537,87.62595511,90.56692943,8.928549183,-70.94226155,-40.22833638,134.1417632,349.1791211,434.8489462,1008.16,1,1,03:03.3,1008.76
03:04.8,-4.895519937,87.6245625,90.56778665,8.92971422,-70.94382588,-40.23120477,134.1433729,349.1886231,434.8623544,1008.17,1,1,03:04.3,1008.77
03:05.9,-4.894089244,87.62602481,90.56700679,8.928077307,-70.94374728,-40.22964617,134.1434173,349.1852768,434.8573779,1008.11,1,1,03:05.3,1008.76
03:06.8,-4.895712179,87.62472803,90.56755131,8.929489631,-70.94364985,-40.23111775,134.1429999,349.1884138,434.8628591,1008.14,1,1,03:06.3,1008.76
03:07.9,-4.89291154,87.62571135,90.56473114,8.927173318,-70.94047654,-40.22576179,134.1395886,349.1697435,434.8363784,1008.14,1,1,03:07.3,1008.74
03:08.9,-4.895646222,87.62288924,90.56640075,8.930184723,-70.94148506,-40.22950144,134.1405311,349.1795692,434.8502926,1008.11,1,1,03:08.3,1008.76
03:09.9,-4.894840067,87.62333983,90.56509764,8.928539542,-70.94183495,-40.22890754,134.1408014,349.1793441,434.8502919,1008.13,1,1,03:09.3,1008.76
03:10.9,-4.893735696,87.6239487,90.56433706,8.927994274,-70.94010054,-40.22639171,134.1389823,349.1700228,434.8370512,1008.15,1,1,03:10.3,1008.79
03:11.9,-4.894970185,87.62283969,90.56547788,8.929439389,-70.9410725,-40.22853832,134.1400805,349.176498,434.845821,1008.16,1,1,03:11.3,1008.77
03:12.9,-4.894775571,87.62371517,90.56596886,8.9288312,-70.94268737,-40.22963155,134.1419928,349.1825508,434.8539159,1008.17,1,1,03:12.3,1008.77
03:13.9,-4.89456326,87.62498673,90.56684784,8.928626519,-70.94353093,-40.23002904,134.1430965,349.1854573,434.8577099,1008.19,1,1,03:13.3,1008.78
03:14.9,-4.894489416,87.62595366,90.56781457,8.928699258,-70.94432868,-40.23057322,134.1441649,349.1884569,434.8615039,1008.19,1,1,03:14.3,1008.81
03:15.9,-4.89496398,87.62648654,90.56893176,8.929040325,-70.94560189,-40.23203687,134.1456547,349.1945581,434.8699363,1008.22,1,1,03:15.3,1008.79
03:16.8,-4.894073397,87.62803799,90.56931397,8.928296312,-70.94604114,-40.23146389,134.1463919,349.1943816,434.869092,1008.16,1,1,03:16.3,1008.81
03:17.8,-4.896042185,87.62712054,90.57063026,8.929778809,-70.94728885,-40.23434904,134.147519,349.2036392,434.8830064,1008.18,1,1,03:17.3,1008.82
03:18.9,-4.892894184,87.62896356,90.56788498,8.926978116,-70.94424849,-40.22866429,134.1442898,349.1847773,434.8563568,1008.23,1,1,03:18.3,1008.81
03:19.9,-4.894738863,87.62717195,90.56980849,8.92966194,-70.94497638,-40.23132745,134.1451999,349.1915041,434.8651265,1008.2,1,1,03:19.3,1008.84
03:20.9,-4.895918406,87.62709148,90.57090493,8.929728907,-70.94817115,-40.23505737,134.1486537,349.2068694,434.886799,1008.22,1,1,03:20.3,1008.83
03:21.8,-4.893379296,87.63001217,90.5699179,8.927336377,-70.94708534,-40.23147832,134.1477325,349.1971114,434.8727146,1008.21,1,1,03:21.3,1008.83
03:22.8,-4.89534494,87.62876908,90.57169327,8.929653792,-70.94764908,-40.23393507,134.1482774,349.2035286,434.8819907,1008.19,1,1,03:22.3,1008.84
03:23.8,-4.894529833,87.62915715,90.57051973,8.928418481,-70.94725309,-40.23274109,134.1477588,349.2002688,434.8776891,1008.15,1,1,03:23.3,1008.77
03:24.8,-4.894789837,87.62816155,90.56961194,8.92874363,-70.94556433,-40.23159574,134.1456317,349.1941223,434.8699303,1008.22,1,1,03:24.3,1008.76
03:25.8,-4.892953862,87.62838297,90.56808769,8.927742481,-70.94351749,-40.22826546,134.1435962,349.1819359,434.8518825,1008.14,1,1,03:25.3,1008.84
03:26.8,-4.897399141,87.62485715,90.57051091,8.931278071,-70.94663741,-40.23529348,134.146545,349.2039802,434.8840127,1008.18,1,1,03:26.3,1008.81
03:27.8,-4.891939804,87.62867049,90.5662289,8.925888234,-70.9431963,-40.22690831,134.1430563,349.1786058,434.847749,1008.19,1,1,03:27.3,1008.81
03:28.8,-4.895818807,87.6255177,90.56951359,8.930606411,-70.9444165,-40.23197856,134.1442965,349.1916588,434.8661329,1008.19,1,1,03:28.3,1008.82
03:29.8,-4.894544761,87.62680081,90.5685626,8.928427022,-70.94578408,-40.23176677,134.1458837,349.1944752,434.8697582,1008.19,1,1,03:29.3,1008.84
03:30.8,-4.894529415,87.62758626,90.5692437,8.928626649,-70.9457636,-40.23166041,134.1459482,349.1943482,434.8695888,1008.18,1,1,03:30.3,1008.81
03:31.8,-4.894728732,87.62748951,90.5693389,8.928827075,-70.94565041,-40.23174594,134.145782,349.1943342,434.8697569,1008.17,1,1,03:31.3,1008.79
03:32.8,-4.894520767,87.62732634,90.56878316,8.928618048,-70.94497927,-40.23098271,134.1449717,349.1912291,434.8656241,1008.17,1,1,03:32.3,1008.79
03:33.8,-4.89445127,87.62685854,90.56831516,8.92868644,-70.94426234,-40.23036616,134.1441261,349.1882172,434.8614912,1008.15,1,1,03:33.3,1008.79
03:34.8,-4.89493018,87.62595669,90.56799761,8.929023161,-70.94402086,-40.23066909,134.1437018,349.1883068,434.8619967,1008.17,1,1,03:34.3,1008.75
03:35.8,-4.893908453,87.62624657,90.56702219,8.928209887,-70.94302221,-40.22887452,134.1426637,349.1821226,434.8530569,1008.18,1,1,03:35.3,1008.81
03:36.9,-4.895004478,87.62544218,90.56807527,8.929377597,-70.94403995,-40.23087444,134.1437973,349.1885045,434.8618267,1008.17,1,1,03:36.3,1008.79
03:37.9,-4.894803411,87.62605911,90.56810744,8.928760763,-70.94487214,-40.23129157,134.1447331,349.1914399,434.8659581,1008.19,1,1,03:37.3,1008.82
03:38.8,-4.894044785,87.62704726,90.56811854,8.928285596,-70.94448287,-40.23018924,134.1444584,349.1882391,434.8611503,1008.19,1,1,03:38.3,1008.84
03:39.8,-4.895067274,87.62662456,90.56925705,8.929311397,-70.94551086,-40.23206801,134.1456,349.1945187,434.8699202,1008.24,1,1,03:39.3,1008.85
03:40.8,-4.893775923,87.62836825,90.56944718,8.928166519,-70.94617488,-40.2313223,134.1466695,349.1943685,434.8687385,1008.23,1,1,03:40.3,1008.84
03:41.8,-4.89575194,87.6282953,90.57210444,8.929872252,-70.94899361,-40.23554965,134.1498336,349.2098464,434.8904109,1008.21,1,1,03:41.3,1008.84
03:42.8,-4.894309665,87.63034786,90.57141833,8.928016401,-70.9488587,-40.23380955,134.1497551,349.2062914,434.8856032,1008.26,1,1,03:42.3,1008.84
03:43.8,-4.893545002,87.63114194,90.57172377,8.928163647,-70.94775448,-40.23219298,134.1487948,349.200153,434.8763258,1008.24,1,1,03:43.3,1008.87
03:44.9,-4.896009629,87.62970901,90.57380578,8.930212539,-70.95035786,-40.23681974,134.151554,349.2158329,434.8985045,1008.2,1,1,03:44.3,1008.83
03:45.8,-4.894366106,87.63127178,90.57214139,8.927941547,-70.94954699,-40.23432703,134.1505813,349.2091881,434.8897332,1008.22,1,1,03:45.3,1008.85
03:46.8,-4.893597126,87.6310898,90.57127061,8.928078085,-70.9469027,-40.23145412,134.1476875,349.1969266,434.8725291,1008.25,1,1,03:46.3,1008.85
03:47.8,-4.894840282,87.6295221,90.57215292,8.929529594,-70.94790003,-40.23369639,134.1488053,349.2035133,434.8812989,1008.25,1,1,03:47.3,1008.87
03:48.8,-4.895058598,87.63013667,90.57287144,8.92912481,-70.95006716,-40.23564825,134.1512776,349.2126716,434.8938634,1008.27,1,1,03:48.3,1008.87
03:49.8,-4.894094482,87.63206982,90.57333908,8.928238887,-70.95051663,-40.23495408,134.1520228,349.2123927,434.8930191,1008.32,1,1,03:49.3,1008.86
03:50.8,-4.894295399,87.63314488,90.57519865,8.928868638,-70.95198013,-40.236372,134.1539775,349.2185844,434.9007766,1008.28,1,1,03:50.3,1008.89
03:51.8,-4.896000098,87.63335385,90.57725702,8.929813467,-70.95488478,-40.2403158,134.1571283,349.2338905,434.9226177,1008.25,1,1,03:51.3,1008.84
03:52.8,-4.893796125,87.63541939,90.57540681,8.927471652,-70.95282144,-40.23621778,134.1548416,349.2210124,434.9050761,1008.26,1,1,03:52.3,1008.85
03:53.8,-4.894052969,87.63409816,90.5749581,8.928631712,-70.95044869,-40.23464402,134.1521324,349.2120254,434.892679,1008.25,1,1,03:53.3,1008.92
03:54.8,-4.895091866,87.63217199,90.57469725,8.929455684,-70.95073899,-40.23604792,134.1522524,349.2154253,434.8976541,1008.2,1,1,03:54.3,1008.85
03:55.8,-4.894957123,87.63156272,90.57330305,8.928757547,-70.94998993,-40.23524406,134.1511432,349.2122428,434.8940275,1008.2,1,1,03:55.3,1008.83
03:56.8,-4.893583153,87.63121464,90.57109709,8.927865589,-70.94686345,-40.23135998,134.1475841,349.1968207,434.8726911,1008.16,1,1,03:56.3,1008.78
03:57.9,-4.895428897,87.62805535,90.57066801,8.92970159,-70.94597792,-40.23261479,134.1461858,349.1972591,434.874209,1008.18,1,1,03:57.3,1008.81
03:58.8,-4.893462722,87.62805823,90.56804438,8.927798364,-70.94393454,-40.22907165,134.1439143,349.1849113,434.8566673,1008.17,1,1,03:58.3,1008.78
03:59.8,-4.895377596,87.62595185,90.56896455,8.929780693,-70.94455343,-40.23160843,134.144422,349.1914638,434.8661121,1008.15,1,1,03:59.3,1008.79
04:00.9,-4.894497545,87.62626284,90.56761784,8.928409897,-70.94419297,-40.23038892,134.1439308,349.1882132,434.8618106,1008.21,1,1,04:00.3,1008.76
04:01.9,-4.893402592,87.62699884,90.56748088,8.928085699,-70.94327226,-40.22863495,134.1431915,349.1821064,434.8523644,1008.14,1,1,04:01.3,1008.77
04:02.8,-4.896886955,87.62468938,90.56965518,8.930733206,-70.9460851,-40.23438927,134.1459283,349.2008667,434.8796876,1008.18,1,1,04:02.3,1008.82
04:03.9,-4.892173798,87.62816843,90.56620793,8.926230715,-70.94304372,-40.22708594,134.1428823,349.1786634,434.8478936,1008.19,1,1,04:03.3,1008.77
04:04.8,-4.895713964,87.62541646,90.56930885,8.930470961,-70.94442216,-40.23192309,134.144324,349.1916364,434.8661086,1008.12,1,1,04:04.3,1008.74
04:05.9,-4.895453266,87.62556443,90.56799139,8.928881675,-70.94521648,-40.23216287,134.1449122,349.1944158,434.8709152,1008.17,1,1,04:05.3,1008.83
04:06.8,-4.892364035,87.62729039,90.5657135,8.926838827,-70.94142561,-40.22598934,134.1409701,349.172607,434.8397959,1008.17,1,1,04:06.3,1008.81
04:07.9,-4.8960573,87.62396893,90.56834923,8.930740677,-70.94349841,-40.2315832,134.1430814,349.1887225,434.8624808,1008.18,1,1,04:07.3,1008.84
04:08.8,-4.894096417,87.62599086,90.56716009,8.928015445,-70.94443641,-40.23030519,134.1442826,349.1883441,434.8614676,1008.19,1,1,04:08.3,1008.79
04:09.9,-4.894626782,87.62653798,90.56857982,8.928902041,-70.944928,-40.23119435,134.1449559,349.1914014,434.8655992,1008.17,1,1,04:09.3,1008.78
04:10.8,-4.89496509,87.62665824,90.56889194,8.92896342,-70.94548973,-40.23193088,134.1455241,349.1944036,434.870068,1008.17,1,1,04:10.3,1008.76
04:11.9,-4.894070212,87.62723362,90.56809797,8.928208739,-70.94438888,-40.23010155,134.1443276,349.1881039,434.861297,1008.15,1,1,04:11.3,1008.82
04:12.8,-4.894952983,87.62600828,90.56813744,8.929158703,-70.94395374,-40.23066297,134.1436745,349.1882642,434.8619711,1008.17,1,1,04:12.3,1008.84
04:13.8,-4.893866283,87.62622095,90.56698881,8.928210014,-70.9429906,-40.22884297,134.1426638,349.1820893,434.8530314,1008.16,1,1,04:13.3,1008.84
04:14.8,-4.895233354,87.62507035,90.56788778,8.929507531,-70.9438548,-40.23096459,134.1435198,349.1884633,434.8621386,1008.19,1,1,04:14.3,1008.81
04:15.8,-4.893805648,87.62640119,90.56727275,8.928083099,-70.94380723,-40.22949185,134.1436677,349.1852141,434.8569934,1008.18,1,1,04:15.3,1008.77
04:16.9,-4.895370911,87.62587177,90.56898511,8.929583269,-70.94531633,-40.2322802,134.1453146,349.1945807,434.8702328,1008.16,1,1,04:16.3,1008.84
04:17.8,-4.894411604,87.62689172,90.56814714,8.928276571,-70.94497179,-40.23092963,134.1449153,349.1912133,434.8657625,1008.17,1,1,04:17.3,1008.81
04:18.8,-4.894058996,87.62683888,90.56779786,8.928412624,-70.94363143,-40.22950554,134.1434546,349.1850775,434.8571602,1008.16,1,1,04:18.3,1008.81
04:19.8,-4.895018786,87.62562185,90.5680459,8.929300687,-70.94393769,-40.23077839,134.1436666,349.1883605,434.8619665,1008.14,1,1,04:19.3,1008.81
04:20.9,-4.894542512,87.62560912,90.56705612,8.928543275,-70.94338347,-40.22981748,134.1429464,349.1851807,434.8578337,1008.19,1,1,04:20.3,1008.81
04:21.8,-4.893518102,87.62609489,90.5666689,8.928148491,-70.94242152,-40.22809885,134.1420958,349.1790791,434.8485563,1008.21,1,1,04:21.3,1008.81
04:22.8,-4.895440694,87.62535448,90.56905919,8.929937716,-70.94533208,-40.23248225,134.14541,349.194775,434.8700601,1008.17,1,1,04:22.3,1008.85
04:23.8,-4.895166659,87.6268747,90.56930599,8.928762583,-70.94689522,-40.2332826,134.1471234,349.2005312,434.8784924,1008.23,1,1,04:23.4,1008.85
04:24.8,-4.892759934,87.62929657,90.56870098,8.927269932,-70.94504864,-40.22933604,134.1454813,349.1879287,434.8599384,1008.21,1,1,04:24.3,1008.84
04:25.8,-4.896309623,87.62712869,90.57180156,8.930683951,-70.94789364,-40.23527767,134.1484816,349.2068596,434.8867554,1008.21,1,1,04:25.3,1008.83
04:26.9,-4.893720329,87.62970767,90.57008855,8.927539969,-70.94758367,-40.23228303,134.1482928,349.20016,434.8771406,1008.22,1,1,04:26.3,1008.84
04:27.9,-4.894521213,87.62938713,90.57122501,8.928972665,-70.94720107,-40.2327894,134.147919,349.2002861,434.8773086,1008.25,1,1,04:27.3,1008.85
04:28.8,-4.894326033,87.62974101,90.57158677,8.928780865,-70.94809524,-40.23337826,134.1490616,349.2034158,434.8811026,1008.23,1,1,04:28.3,1008.86
04:29.9,-4.895349011,87.62983981,90.57285442,8.929390308,-70.94984386,-40.2357614,134.1509727,349.2126185,434.8941734,1008.22,1,1,04:29.4,1008.92
04:30.8,-4.894041798,87.63119784,90.57196214,8.928015674,-70.94891156,-40.23357773,134.149986,349.2061364,434.8852334,1008.24,1,1,04:30.3,1008.92
04:31.8,-4.894170025,87.63082971,90.57217839,8.928703116,-70.9481189,-40.2331236,134.1491615,349.203194,434.8809319,1008.22,1,1,04:31.3,1008.92
04:32.9,-4.89526877,87.62982956,90.57264331,8.929452241,-70.9491,-40.23504751,134.1501077,349.2094933,434.8900392,1008.19,1,1,04:32.3,1008.87
04:33.8,-4.894376582,87.63020922,90.57126114,8.928278871,-70.94796256,-40.23314211,134.148724,349.2031108,434.8816054,1008.21,1,1,04:33.3,1008.85
04:34.9,-4.893755164,87.62978532,90.57034868,8.928282905,-70.94601844,-40.23101594,134.1465839,349.1939771,434.8687022,1008.17,1,1,04:34.3,1008.84
04:35.9,-4.895672795,87.62748333,90.57068073,8.929846538,-70.94660074,-40.23347661,134.1469043,349.2004468,434.8784843,1008.19,1,1,04:35.3,1008.83
04:36.9,-4.893288522,87.62859581,90.56838205,8.927529693,-70.94473138,-40.22956944,134.1449261,349.1879022,434.8606052,1008.24,1,1,04:36.3,1008.79
04:37.9,-4.894520336,87.62768267,90.57011109,8.929393346,-70.94574002,-40.23179202,134.1462118,349.19446,434.8690376,1008.19,1,1,04:37.3,1008.81
04:38.9,-4.896100806,87.62741014,90.57139974,8.929861131,-70.94871011,-40.23569466,134.1493334,349.2097989,434.8910475,1008.18,1,1,04:38.3,1008.81
04:39.8,-4.893283492,87.62983266,90.56922591,8.927115478,-70.94620691,-40.23065168,134.1466528,349.1938285,434.8688675,1008.23,1,1,04:39.3,1008.84
04:40.8,-4.893957043,87.62870494,90.57005177,8.928906127,-70.94520577,-40.23068861,134.1456676,349.1911472,434.864566,1008.23,1,1,04:40.4,1008.87
04:41.8,-4.895617074,87.62778788,90.57158472,8.929940785,-70.94822769,-40.2348841,134.1489881,349.2067828,434.8862384,1008.2,1,1,04:41.3,1008.82
04:42.8,-4.894587728,87.62957954,90.57112616,8.92828834,-70.94864504,-40.23400263,134.1494697,349.2063333,434.8859003,1008.21,1,1,04:42.3,1008.83
04:43.8,-4.893748729,87.63016942,90.57063482,8.928078997,-70.94676271,-40.23159868,134.147457,349.1969895,434.8728283,1008.2,1,1,04:43.3,1008.85
04:44.9,-4.895047351,87.62855159,90.57106661,8.929444959,-70.94691074,-40.2331046,134.1474673,349.2003525,434.8778034,1008.19,1,1,04:44.3,1008.84
04:45.9,-4.894370613,87.62863497,90.56998073,8.92848706,-70.9464689,-40.23205725,134.1469134,349.1971858,434.8735018,1008.19,1,1,04:45.3,1008.81
04:47.3,-4.894365981,87.62824415,90.56968583,8.928691041,-70.94571627,-40.23146618,134.1460403,349.1941646,434.869369,1008.14,1,1,05:17.4,1008.82
04:48.3,-4.895251276,87.62682293,90.56913697,8.929222388,-70.94524437,-40.23195143,134.1451998,349.1942421,434.8703803,1008.15,1,1,05:18.3,1008.82
04:49.3,-4.893337679,87.62697124,90.56665085,8.927652288,-70.94238819,-40.22774794,134.1420082,349.1787531,434.8487066,1008.14,1,1,05:19.3,1008.84
04:50.3,-4.895184156,87.62439788,90.56710392,8.929702906,-70.942291,-40.22966888,134.1416704,349.1822945,434.8540192,1008.19,1,1,05:20.4,1008.84
04:51.3,-4.893564615,87.62536602,90.56613424,8.928084475,-70.94238111,-40.22820544,134.1420039,349.1791702,434.8487053,1008.17,1,1,05:21.3,1008.84
04:52.3,-4.89588514,87.62456505,90.5685519,8.930061987,-70.94503599,-40.23267567,134.1448824,349.1947425,434.8707152,1008.16,1,1,05:22.4,1008.77
04:53.3,-4.893900089,87.62672434,90.56729194,8.927731752,-70.94441994,-40.23002595,134.1442986,349.1881004,434.8614378,1008.16,1,1,05:23.3,1008.82
04:54.3,-4.894429206,87.62616419,90.56770039,8.928819963,-70.9434026,-40.22974447,134.1431419,349.1851316,434.8574737,1008.13,1,1,05:24.4,1008.81
04:55.3,-4.894978679,87.6250121,90.5671326,8.929086121,-70.94311987,-40.23008275,134.1426062,349.1852265,434.858148,1008.14,1,1,05:27.2,1008.75
04:56.3,-4.893750095,87.62513947,90.56560231,8.928063816,-70.94145092,-40.22752578,134.1407578,349.1759381,434.845076,1008.14,1,1,05:27.4,1008.79
04:57.3,-4.894913221,87.62369481,90.56611119,8.929364832,-70.94167577,-40.22897084,134.140907,349.179305,434.8498823,1008.15,1,1,05:28.4,1008.75
04:58.3,-4.894307866,87.62411382,90.56565726,8.928551072,-70.94198104,-40.2286251,134.1413021,349.1792466,434.8495442,1008.13,1,1,05:29.3,1008.76
04:59.3,-4.894985027,87.62383326,90.56615316,8.929090391,-70.94238453,-40.22959475,134.1416686,349.1823288,434.8541819,1008.15,1,1,05:30.3,1008.81
05:00.3,-4.89375427,87.624678,90.56534023,8.928070259,-70.94147292,-40.22761814,134.1407773,349.1760462,434.8450733,1008.13,1,1,05:31.3,1008.76
05:01.3,-4.895321704,87.62343122,90.56633522,8.92956824,-70.9422247,-40.22982613,134.1414671,349.182407,434.8543493,1008.16,1,1,05:32.4,1008.79
05:02.3,-4.89355163,87.62477273,90.5652424,8.92786984,-70.94158363,-40.22753012,134.1409434,349.1760576,434.8449032,1008.14,1,1,05:33.4,1008.81
05:03.3,-4.895526345,87.62359238,90.56688833,8.929777275,-70.94289335,-40.23058688,134.1422774,349.1855094,434.8584801,1008.17,1,1,05:34.3,1008.79
05:04.3,-4.893482311,87.62541166,90.56578486,8.927736524,-70.94237487,-40.22808331,134.1419279,349.1790709,434.8488653,1008.18,1,1,05:35.3,1008.78
05:05.3,-4.895115476,87.62482787,90.56783519,8.929584661,-70.94387944,-40.23098301,134.1436508,349.1885254,434.861936,1008.17,1,1,05:36.7,1008.85
05:06.3,-4.894640468,87.62592255,90.56785672,8.928625516,-70.94483424,-40.23119265,134.1447607,349.1913716,434.8658987,1008.16,1,1,05:38.2,1008.79
05:07.3,-4.894353335,87.62646841,90.5678098,8.928480619,-70.94417903,-40.23029838,134.1440423,349.1881497,434.8615972,1008.15,1,1,05:39.4,1008.84
05:08.3,-4.894484262,87.62590454,90.56743787,8.928749435,-70.94334973,-40.2297682,134.1430305,349.1851246,434.8576331,1008.14,1,1,05:39.5,1008.84
05:09.3,-4.894485327,87.62518651,90.56671963,8.928747265,-70.94259156,-40.22918701,134.1420735,349.1821179,434.853669,1008.16,1,1,05:40.4,1008.84
05:10.3,-4.894079912,87.62498795,90.56623265,8.928550302,-70.94206379,-40.22842324,134.1415328,349.1791232,434.8491987,1008.18,1,1,05:41.3,1008.83
05:11.3,-4.894701548,87.62475741,90.56717899,8.929175222,-70.94331653,-40.23012926,134.1430067,349.1854291,434.8576311,1008.14,1,1,05:42.4,1008.77
05:12.4,-4.895314267,87.62492127,90.56763087,8.92916269,-70.94447622,-40.23157777,134.1441702,349.1914436,434.8665696,1008.14,1,1,05:43.4,1008.82
05:13.3,-4.893525673,87.62607298,90.56604386,8.927653079,-70.94227551,-40.22791977,134.1417776,349.1788449,434.8490279,1008.17,1,1,05:44.4,1008.79
05:14.3,-4.894343732,87.62483471,90.56666313,8.929098751,-70.94194349,-40.22861762,134.1414426,349.1791944,434.849196,1008.15,1,1,05:45.3,1008.84
05:15.3,-4.895381003,87.62414752,90.56724885,8.929508484,-70.94371184,-40.23110625,134.1432893,349.1885231,434.8624354,1008.21,1,1,05:46.6,1008.86
05:16.3,-4.893060365,87.62664044,90.56672295,8.927543936,-70.94335267,-40.22847114,134.1433013,349.182078,434.8523144,1008.19,1,1,05:47.3,1008.84
05:17.3,-4.896127063,87.6255052,90.56997537,8.930408747,-70.94640732,-40.23402319,134.1466224,349.2008213,434.8787939,1008.19,1,1,05:48.4,1008.81
05:18.3,-4.893667627,87.62823835,90.56860868,8.927535737,-70.94602624,-40.23107955,134.1463789,349.1941033,434.8691792,1008.21,1,1,05:49.4,1008.84
05:19.3,-4.894333038,87.62809094,90.56982223,8.928903541,-70.94572044,-40.23152512,134.1461438,349.1942334,434.8691785,1008.23,1,1,05:50.3,1008.84
05:20.3,-4.894615783,87.6282611,90.57058477,8.929050617,-70.94713134,-40.23299809,134.1478192,349.2004594,434.8774421,1008.19,1,1,05:51.4,1008.82
05:21.3,-4.895293429,87.62850204,90.5712098,8.929173562,-70.94825549,-40.23447212,134.1489554,349.2064647,434.8863806,1008.18,1,1,05:52.3,1008.79
05:22.3,-4.893640352,87.62948057,90.56954572,8.927728938,-70.94597795,-40.23087502,134.146424,349.1938621,434.8690077,1008.16,1,1,05:53.3,1008.81
05:23.3,-4.894793586,87.62738729,90.56930184,8.929225231,-70.94466847,-40.23105383,134.1447236,349.1910914,434.8657186,1008.2,1,1,05:54.3,1008.78
05:24.3,-4.893580041,87.62731445,90.56797177,8.928217965,-70.94380751,-40.22926859,134.1438712,349.185032,434.85661,1008.16,1,1,05:55.4,1008.79
05:25.3,-4.895973301,87.62554587,90.56942183,8.930122742,-70.94566381,-40.23319381,134.1456813,349.1976038,434.8748252,1008.16,1,1,05:56.3,1008.82
05:26.3,-4.893377086,87.62734478,90.56712089,8.92738651,-70.94385053,-40.22901875,134.1437465,349.1848636,434.8569461,1008.17,1,1,05:57.4,1008.76
05:27.3,-4.894596051,87.62591449,90.56793236,8.92923296,-70.94329384,-40.22988926,134.1430792,349.1851866,434.8574516,1008.18,1,1,05:58.4,1008.76
05:28.3,-4.894542078,87.62576798,90.56779372,8.928900018,-70.94410556,-40.23054882,134.1439991,349.1883268,434.8615831,1008.19,1,1,05:59.4,1008.79
05:29.3,-4.894473866,87.62640759,90.56833704,8.9287667,-70.94489763,-40.23110285,134.1449835,349.191341,434.8655458,1008.16,1,1,06:00.4,1008.78
05:30.3,-4.89501256,87.62643165,90.5687452,8.929028598,-70.94534693,-40.2319258,134.1453854,349.19433,434.8701835,1008.16,1,1,06:01.4,1008.78
05:31.3,-4.89377537,87.62701781,90.56747348,8.927999861,-70.94365265,-40.22927315,134.1435176,349.18493,434.8571114,1008.19,1,1,06:02.4,1008.74
05:32.3,-4.894254595,87.62618036,90.56790899,8.928967617,-70.94347886,-40.22973789,134.1433842,349.1851994,434.8571108,1008.17,1,1,06:03.4,1008.77
05:33.3,-4.895356734,87.62557015,90.56866781,8.929512883,-70.9452116,-40.23225204,134.1452034,349.1945189,434.8703502,1008.19,1,1,06:04.4,1008.74
05:34.4,-4.968412578,87.3431939,90.23277201,9.210760213,-69.45270205,-38.13134794,135.1517312,348.2482385,433.4503125,1008.16,1,1,06:05.4,1008.77
05:35.3,-6.631520648,89.58389731,93.56568717,7.912480243,-75.03812227,-40.17559933,140.8376903,353.5374999,427.540481,1008.23,1,1,06:06.4,1008.81
05:36.4,28.35616111,91.20045499,74.41224834,-8.323440828,-81.45284381,-48.22645899,124.0900953,338.7319943,428.3971102,1008.23,1,1,06:07.6,1008.75
05:37.3,11.09670928,93.57815561,84.38563833,-4.758749301,-84.24854067,-48.59490321,127.8519044,338.8576946,421.5090412,1008.23,1,1,06:08.4,1008.77
05:38.3,-10.17160166,62.20170195,65.41751446,-2.696744947,-72.33169575,-41.34574542,128.2257756,339.0054662,423.7494375,1008.21,1,1,06:09.4,1008.77
05:39.4,8.858613378,77.33690856,68.64955402,-7.434760657,-75.51196352,-38.98012201,132.2221267,339.9078946,421.9313859,1008.22,1,1,06:10.5,1008.83
05:40.3,6.862312499,76.47558987,69.14403056,-7.116808758,-76.15680974,-39.40652645,133.5003275,342.5538254,424.071389,1008.22,1,1,06:11.4,1008.79
05:41.3,7.878231985,76.68194032,68.82708679,-7.260065956,-76.15431765,-39.97162451,132.0828122,340.9982002,423.314626,1008.23,1,1,06:12.4,1008.75
05:42.3,7.862552022,77.0325286,69.10237548,-7.356263732,-76.32538606,-39.67196648,132.9547718,341.9225721,423.7054211,1008.23,1,1,06:13.5,1008.74
05:43.3,8.027525548,76.78191692,68.82841052,-7.202302661,-75.84738216,-39.46886548,132.4820074,341.0460398,423.0532096,1008.25,1,1,06:14.8,1008.75
05:44.3,7.936997444,76.81065943,68.87347074,-7.18266046,-75.71630473,-39.12375294,132.9074281,341.3187055,423.1191125,1008.22,1,1,06:15.3,1008.76
05:45.3,7.664811356,76.79723564,69.078633,-7.127672868,-76.13334967,-39.9288235,132.1246126,340.8905093,423.0394806,1008.21,1,1,06:16.4,1008.72
05:46.3,7.702629073,76.82134819,69.0676657,-7.145048832,-76.12963995,-39.91607599,132.1180758,340.8619939,423.0137458,1008.23,1,1,06:17.4,1008.75
05:47.3,7.673210702,76.80008095,69.06084959,-7.142329846,-76.12505332,-39.91361082,132.1177963,340.8591498,423.009613,1008.23,1,1,06:18.4,1008.74
05:48.3,7.67244794,76.79934994,69.06129545,-7.141846052,-76.12622357,-39.91538755,132.1190474,340.8654663,423.0183828,1008.24,1,1,06:19.4,1008.77
05:49.3,7.673197394,76.8004009,69.06117719,-7.142731176,-76.12658031,-39.91488526,132.1195619,340.8653002,423.017876,1008.22,1,1,06:20.9,1008.75
05:50.3,7.672455302,76.80019742,69.06184624,-7.142056364,-76.12694825,-39.91588041,132.119901,340.8683732,423.0225136,1008.23,1,1,06:21.4,1008.75
05:51.3,7.673550565,76.800869,69.06095623,-7.143011564,-76.12595983,-39.91396466,132.1188709,340.8620866,423.0135737,1008.24,1,1,06:22.4,1008.71
05:52.3,7.672731964,76.80015235,69.06170469,-7.141982336,-76.12634853,-39.91516683,132.1193056,340.8653591,423.0180427,1008.22,1,1,06:23.3,1008.7
05:53.3,7.672523556,76.80011832,69.06167045,-7.14219185,-76.12698132,-39.91585242,132.1199284,340.8683798,423.0225116,1008.19,1,1,06:24.4,1008.77
05:54.3,7.673011914,76.80017435,69.06064527,-7.142751834,-76.12565012,-39.9142056,132.1183158,340.8620681,423.0142466,1008.22,1,1,06:25.4,1008.72
05:55.3,7.673833702,76.79984665,69.05963678,-7.142948311,-76.12381844,-39.91199301,132.1163419,340.8529476,423.0011746,1008.19,1,1,06:26.3,1008.76
05:56.3,7.671709255,76.79770703,69.06052364,-7.141175569,-76.125071,-39.91521616,132.1174726,340.8625216,423.0150889,1008.19,1,1,06:27.3,1008.72
05:57.3,7.67375409,76.79894042,69.05853798,-7.143430982,-76.12376418,-39.9120464,132.1160626,340.8529801,423.0016795,1008.21,1,1,06:28.3,1008.73
05:58.3,7.67300951,76.79808397,69.05924272,-7.142127308,-76.12344246,-39.91262301,132.1157356,340.853227,423.0018475,1008.2,1,1,06:29.3,1008.72
05:59.3,7.672385215,76.79765758,69.05960084,-7.141920934,-76.1246585,-39.91425304,132.117022,340.8594503,423.0106173,1008.2,-1,-1,06:30.4,1008.74
06:00.3,7.671264897,76.76441196,68.9973705,-7.192927994,-76.12674001,-39.88466682,132.1198883,340.8162432,422.9774284,1008.21,1,1,06:31.4,1008.73
06:01.3,7.656021088,76.89146303,69.13013567,-7.235755543,-76.27453965,-39.84930338,132.3999601,340.8865922,422.2516262,1008.17,1,1,06:32.4,1008.7
06:02.3,7.95554259,76.8615983,68.90918144,-7.23535735,-76.05391102,-39.82126004,132.0997641,340.7830043,422.9939676,1008.18,1,1,06:33.3,1008.73
06:03.3,7.677160636,76.82673089,69.05525327,-7.193484514,-76.1840676,-39.94489997,132.1123675,340.8574302,423.0007346,1008.14,1,1,06:34.3,1008.71
06:04.3,7.67192706,76.79584585,69.05806825,-7.141397531,-76.1220967,-39.91261035,132.1137718,340.8502814,422.9990612,1008.18,1,1,06:35.4,1008.7
06:05.3,7.674373229,76.79674989,69.0557613,-7.143637421,-76.12029395,-39.90876349,132.1119245,340.8378431,422.9810133,1008.18,1,1,06:36.3,1008.71
06:06.3,7.67184416,76.79487255,69.05788733,-7.141036678,-76.12214113,-39.91291139,132.1138867,340.8505907,422.9988911,1008.19,1,1,06:37.3,1008.73
06:07.3,7.673336327,76.79664782,69.05722828,-7.143012984,-76.12284977,-39.91191751,132.1148316,340.8502739,422.9980468,1008.19,1,1,06:37.4,1008.73
06:08.3,7.672735361,76.79694483,69.05839781,-7.142197046,-76.12330019,-39.91284195,132.1153935,340.8533364,423.002347,1008.19,1,1,06:38.4,1008.72
06:09.3,7.67301043,76.79742193,69.05838628,-7.142539394,-76.12342196,-39.91263357,132.1155676,340.8532463,423.0021776,1008.2,1,1,06:39.3,1008.72
06:10.3,7.673082101,76.7976715,69.05863564,-7.142468828,-76.12346237,-39.91259739,132.115679,340.8532402,423.0020082,1008.17,1,1,06:40.4,1008.72
06:11.3,7.672334377,76.7971407,69.05888129,-7.142000073,-76.12382463,-39.91360239,132.1159342,340.8563277,423.0068146,1008.2,1,1,06:41.3,1008.78
06:12.3,7.630331872,76.65697034,68.90193078,-7.009708381,-75.43973764,-38.91834063,132.7124541,340.6592891,422.5685739,1008.17,-1,-1,06:41.4,1008.78
06:13.3,6.844154306,77.25719557,70.05692487,-7.358645629,-77.24726542,-39.46403532,134.6891745,341.8995469,419.3035156,1008.17,-1,-1,06:42.4,1008.79
06:14.3,26.34019358,84.92978918,68.66318384,-10.91791065,-79.45514709,-40.55525514,133.9956435,340.6332295,415.3659525,1008.26,-1,-1,06:43.4,1008.77
06:15.4,19.08662331,63.11538238,45.61384261,-18.19343525,-71.03663027,-33.04545623,130.3995345,335.6841763,422.2055446,1008.28,-1,-1,06:44.4,1008.74
06:16.3,21.77001265,104.0603201,90.24224984,-3.149368646,-81.89933513,-38.7134385,147.1929076,357.2785647,421.0116042,1008.28,-1,-1,06:44.5,1008.74
06:17.3,76.23876703,108.6174633,57.7367587,-29.98027379,-78.00085148,-20.21416421,148.7970492,336.9753385,406.5986963,1008.27,-1,-1,06:45.3,1008.74
06:18.3,5.396098923,64.19994346,60.56582781,-5.563343563,-72.53031766,-46.05214101,114.720935,322.2672582,413.3792956,1008.27,-1,-1,06:46.9,1008.72
06:19.3,3.388283208,70.69855706,64.79158892,-7.17587131,-75.29563503,-45.69687699,116.0120464,319.0852747,404.7986418,1008.28,-1,-1,06:46.9,1008.72
06:20.3,-7.864629162,41.08021286,37.60194706,-8.579569643,-49.69473723,-13.43879642,141.4909708,348.7489847,449.646821,1008.25,-1,-1,06:47.3,1008.71
06:21.3,-37.53252404,106.8306426,126.351422,22.05473925,-80.9853532,-46.08742666,145.9383974,363.8663589,435.9308819,1008.26,-1,-1,06:48.4,1008.69
06:22.3,8.003355572,91.01511058,92.20276969,12.64091211,-64.45059752,-29.4273206,148.5411616,361.420818,440.8582826,1008.2,-1,-1,06:49.4,1008.69
06:23.3,5.016598176,95.87470076,97.67558546,10.33458944,-72.74980561,-31.699012,159.0061641,373.3178954,436.5364077,1008.2,-1,-1,06:50.3,1008.68
06:24.3,19.30072934,66.35578543,54.21285551,-9.330275998,-70.67637363,-44.2421688,112.1582634,317.383786,410.7931048,1008.26,-1,-1,06:51.3,1008.68
06:25.3,4.01727547,72.62517834,68.84389589,-4.358936569,-78.09882491,-53.78638231,108.1957192,316.5567926,406.9651925,1008.24,-1,-1,06:51.4,1008.68
06:26.3,14.39573827,71.93223466,59.56414668,-10.6681293,-73.48300839,-43.33030008,112.6890739,311.7506719,402.4691954,1008.27,-1,-1,06:52.7,1008.68
06:27.3,-39.14037614,30.9147079,50.57920347,4.903043651,-60.46247267,-52.58156293,89.29594388,301.042026,417.136265,1008.23,-1,-1,06:53.4,1008.69
06:28.3,-36.71208691,81.5609438,95.35138232,3.787788939,-82.13141334,-35.12832239,160.824539,371.7914404,429.5290517,1008.21,-1,-1,06:57.4,1008.71
06:29.3,23.0376527,59.24086332,42.47368441,-16.37309854,-63.63875878,-18.88149527,149.9150697,353.2482591,431.7560844,1008.23,-1,-1,06:57.4,1008.72
06:30.4,7.072686563,71.53260146,60.24693536,-13.02385206,-71.31490612,-21.91355464,156.804593,360.4544433,430.4588876,1008.24,-1,-1,06:59.4,1008.73
06:31.3,-1.849027386,55.23152655,52.29538768,-6.719867988,-62.75198791,-25.74768048,143.0537687,353.4549835,437.2127265,1008.22,-1,-1,06:59.4,1008.73
06:32.3,15.29087298,94.49594443,81.96100711,-2.908494626,-72.8197827,-30.38879943,146.949235,355.4301405,432.141119,1008.23,-1,-1,06:59.5,1008.71
06:33.3,11.8688177,93.65921769,84.20679835,-2.812362756,-76.66599584,-32.84597995,149.6620721,358.2763365,428.7437965,1008.19,-1,-1,06:59.5,1008.71
06:34.3,5.648767396,67.03069313,62.62106835,-1.155591135,-64.1173038,-38.45081963,116.0060198,319.3391679,413.3648215,1008.19,-1,-1,07:00.3,1008.72
06:35.3,-16.57324477,76.08064735,88.00244638,12.59538276,-73.74521034,-59.44404752,101.4058869,315.3967443,411.2565628,1008.29,-1,-1,07:01.4,1008.72
06:36.4,19.58032362,101.525144,91.08011676,-0.062223822,-82.5915913,-50.73872991,121.5280684,328.2213709,408.417096,1008.22,-1,-1,07:02.3,1008.74
06:37.3,12.42747511,71.44999502,64.35632721,-8.815764143,-83.58724253,-58.85756893,109.7449174,327.9091945,421.3675576,1008.25,-1,-1,07:02.3,1008.74
06:38.3,11.7564538,68.63963685,58.35372416,-4.280575978,-64.2403948,-44.7984748,98.99676407,306.361668,422.5411588,1008.28,-1,-1,07:03.4,1008.73
06:39.3,-50.63195008,98.00164613,131.1803533,28.94668075,-89.76972412,-72.40500006,114.8887701,335.674217,408.0855996,1008.29,-1,-1,07:04.4,1008.71
06:40.3,45.16076155,75.61609361,52.27870562,-12.54332993,-71.20709283,-45.29060995,107.9470268,312.7011449,409.1707915,1008.31,-1,-1,07:05.3,1008.76
06:41.3,-1.507105832,64.35640898,61.91059048,-1.125501708,-64.72859702,-43.86415986,105.546684,314.0308979,423.4065841,1008.28,-1,-1,07:06.3,1008.76
06:42.3,-44.08796028,86.3740557,112.1561978,21.29839653,-79.3871028,-55.09733512,125.3318258,338.5886772,412.1202368,1008.26,-1,-1,07:07.4,1008.78
06:43.3,27.59803227,74.46628792,57.96915072,-8.792838902,-63.6520984,-23.43203591,140.5578533,338.7921226,417.4451669,1008.27,-1,-1,07:08.4,1008.78
06:44.3,4.403507227,68.05317067,58.85266272,-11.7317479,-67.51428476,-16.2890844,162.6096805,365.3312694,434.8311434,1008.28,-1,-1,07:09.4,1008.77
06:45.3,-5.687799723,66.90057071,65.92552395,-6.884882436,-72.46167251,-24.21668666,163.8515479,373.5060508,433.738052,1008.3,-1,-1,07:10.4,1008.76
06:46.3,57.35594352,82.23079733,43.42347971,-25.74835831,-66.60294967,-13.9087752,151.8839981,346.6503215,423.2333368,1008.25,-1,-1,07:11.3,1008.82
06:47.3,7.480413562,76.49133372,65.84469912,-11.71919596,-74.1225151,-25.10887437,154.9394939,358.667894,428.4006411,1008.23,-1,-1,07:12.8,1008.77
06:48.3,-5.257966032,51.02031055,48.28139145,-10.29068343,-63.61983698,-21.604265,148.9619777,353.4178988,429.6166262,1008.26,-1,-1,07:13.7,1008.77
06:49.3,18.85133239,78.02091788,62.61137299,-10.22215085,-67.44917343,-21.49073864,151.5208882,354.5008554,429.6946388,1008.24,-1,-1,07:16.4,1008.83
06:50.3,7.76928714,75.7472637,65.18356279,-8.543874984,-66.44149929,-17.6209862,158.1081964,360.8790564,436.3439471,1008.24,-1,-1,07:16.4,1008.81
06:51.3,-45.50204711,42.02186283,64.74818787,7.358014242,-61.68698496,-31.06178645,144.1969681,363.1098824,448.3087444,1008.27,-1,-1,07:16.4,1008.81
06:52.3,-4.947620475,88.46184042,91.78416536,6.833183379,-79.7146925,-53.90173052,118.7725523,330.5987188,412.8234613,1008.24,-1,-1,07:17.6,1008.84
06:53.3,15.31361274,69.99069812,60.94228465,-8.541403377,-77.96416673,-53.22696276,108.2751175,318.9305229,413.1971591,1008.24,-1,-1,07:18.4,1008.86
06:54.3,3.926886166,69.21775772,63.97174258,-7.297247859,-77.39304868,-50.26132846,113.1497626,322.6259362,413.9302233,1008.27,-1,-1,07:19.4,1008.84
06:55.3,2.126040065,72.67055678,70.48214927,-2.24601663,-76.07609233,-50.86383081,112.7291357,320.0509808,404.7591443,1008.22,-1,-1,07:20.3,1008.83
06:56.3,41.58704043,88.63826093,63.31087153,-12.69133911,-75.15688019,-45.02512602,108.9375811,307.1748332,398.8536367,1008.21,-1,-1,07:21.3,1008.83
06:57.3,6.150893576,78.83381677,73.50050666,-5.543539237,-82.4242668,-55.95561774,109.254221,318.4954564,409.4297507,1008.21,-1,-1,07:22.3,1008.81
06:58.3,-18.39804906,51.38516319,62.05839902,3.844131496,-69.12438033,-57.58608999,95.30332905,311.5578532,417.128302,1008.26,-1,-1,07:23.3,1008.81
06:59.3,27.06819549,116.3071357,95.67418647,-9.376715956,-90.32124553,-39.98549211,149.565645,355.5699604,419.7492008,1008.24,-1,-1,07:24.3,1008.87
07:00.3,23.09645905,67.27019422,50.64536961,-16.38999878,-71.67219383,-28.21874358,144.378373,351.164814,430.4543182,1008.2,-1,-1,07:25.3,1008.87
07:01.3,11.88393265,74.01037961,60.56492103,-13.80227832,-72.37794057,-23.14983808,154.80424,356.6886281,424.8731538,1008.25,-1,-1,07:26.4,1008.84
07:02.3,13.27433713,61.16655416,49.95919546,-10.07895169,-61.09665009,-19.73505732,148.0588399,353.8109564,434.5774286,1008.25,-1,-1,07:27.3,1008.84
07:03.3,23.93264964,101.3839878,83.24956777,-8.183897302,-79.13832087,-30.72031566,151.2402418,354.2643442,420.9024272,1008.24,-1,-1,07:28.3,1008.83
07:04.3,19.0830284,68.87691116,54.12254748,-12.24050603,-66.40050938,-23.78983266,144.8429619,348.4068888,428.4506404,1008.22,-1,-1,07:29.4,1008.85
07:05.3,-4.476116848,65.28254849,61.30882269,-3.489518902,-57.31784533,-14.6133989,150.2299376,350.1304315,434.5778528,1008.27,-1,-1,07:30.4,1008.86
07:06.3,-52.16711311,64.30934579,90.52022645,9.140830382,-77.80753084,-33.48953592,167.8998102,385.4230757,438.6119646,1008.24,-1,-1,07:31.3,1008.83
07:07.3,46.96131538,67.87875034,39.65156206,-20.26415512,-67.93020939,-31.40979815,127.269905,330.1687368,419.4428502,1008.23,-1,-1,07:32.4,1008.83
07:08.3,6.769640479,72.10248957,64.65104863,-9.061640039,-79.45992685,-49.93067283,116.4135832,326.0753562,414.2257731,1008.27,-1,-1,07:33.4,1008.82
07:09.3,-0.811281773,62.21755059,62.45161629,-0.804166246,-71.06559236,-52.83851686,105.4435021,321.262117,419.2630765,1008.28,-1,-1,07:40.3,1008.85
07:10.3,55.23978783,133.1634717,101.0200551,-6.936754447,-90.28806791,-52.35145469,121.2078621,324.62675,402.8912033,1008.28,-1,-1,07:40.4,1008.84
07:11.3,46.59871674,103.6118081,78.41616307,-9.398263773,-78.38060642,-34.6361593,143.8801706,353.339758,431.6164746,1008.26,-1,-1,07:40.4,1008.84
07:12.3,9.215193088,80.31685028,71.32815946,-7.677718671,-76.410893,-34.30353677,146.0920482,358.8444371,436.6823059,1008.26,-1,-1,07:40.4,1008.84
07:13.3,10.71413064,80.62339583,71.04683315,-7.29895413,-75.87630376,-34.88724011,144.526718,357.5015295,435.9289126,1008.21,-1,-1,07:41.4,1008.84
07:14.3,9.040539413,75.48847261,67.34836551,-4.357785335,-69.09004759,-35.14563286,129.2438139,332.2526857,415.1931184,1008.28,-1,-1,07:41.4,1008.86
07:15.3,6.183109293,75.12878779,69.67716697,-2.718364492,-69.99834859,-37.28348087,127.6716757,331.3162163,414.1638543,1008.25,-1,-1,07:41.4,1008.83
07:16.3,5.849845843,74.0087751,68.54984478,-3.170332773,-69.60390275,-36.377118,128.4957113,331.6084844,413.9656542,1008.26,-1,-1,07:42.4,1008.85
07:17.3,5.824799048,74.09173705,68.74456053,-3.110723778,-69.8942869,-36.92884823,127.9895658,331.369369,413.9718263,1008.29,-1,-1,07:42.4,1008.78
07:18.4,5.884887835,74.20416653,68.77802145,-3.328789212,-70.36658068,-37.3828367,127.8950572,331.6870957,414.3795984,1008.3,-1,-1,07:43.4,1008.82
07:19.3,5.718763138,74.0007008,68.69433064,-3.079202972,-69.91111419,-37.1991709,127.5116963,331.0503485,414.0927863,1008.29,-1,-1,07:44.3,1008.81
07:20.3,4.961212249,73.81528747,68.68758615,-3.366681368,-70.19165912,-36.69458624,128.9767479,332.5988316,414.7199016,1008.29,-1,-1,07:45.3,1008.83
07:21.3,5.813593473,74.0365754,68.75826929,-3.226466807,-70.54206339,-38.13697661,126.7896859,330.7991429,414.0579929,1008.31,-1,-1,07:46.3,1008.82
07:22.3,5.851924559,74.10942156,68.68545754,-3.182537844,-69.93126614,-36.96304919,127.9453303,331.3687067,414.0427327,1008.29,-1,-1,07:47.3,1008.82
07:23.3,5.718730953,73.99290747,68.67869412,-3.13727326,-69.92354756,-36.99304863,127.9354572,331.3969676,414.0711188,1008.28,-1,-1,07:48.3,1008.81
07:24.3,5.762285169,74.01672712,68.68072411,-3.143647326,-69.92709346,-36.99296745,127.9337703,331.3905839,414.0623477,1008.29,-1,-1,07:49.8,1008.84
07:25.4,5.762086334,74.01610887,68.68069018,-3.143030511,-69.92625958,-36.99254859,127.9328345,331.3876467,414.0582149,1008.32,-1,-1,07:50.3,1008.79
07:26.3,5.762007496,74.0159851,68.68106265,-3.142880032,-69.9270312,-36.99334494,127.9338031,331.3908656,414.0621775,1008.25,-1,-1,07:51.5,1008.78
07:27.3,5.760372045,74.01514092,68.68177166,-3.142081405,-69.92843134,-36.99600689,127.9350476,331.4000577,414.076092,1008.29,-1,-1,07:52.3,1008.77
07:28.3,5.764068473,74.01741801,68.67887591,-3.145150449,-69.92491555,-36.98940266,127.9313971,331.3780943,414.044804,1008.27,-1,-1,07:53.4,1008.82
07:29.3,5.760316656,74.01391518,68.68122607,-3.141121798,-69.92617019,-36.99434594,127.9325046,331.3910831,414.0635254,1008.26,-1,-1,07:54.4,1008.82
07:30.3,5.76241733,74.0151342,68.67893781,-3.143922645,-69.92564491,-36.99175073,127.931911,331.3845855,414.0544168,1008.29,-1,-1,07:54.5,1008.77
07:31.3,5.762359625,74.01501643,68.67940435,-3.143164719,-69.92489354,-36.99126118,127.931198,331.3816378,414.0499465,1008.28,-1,-1,07:55.4,1008.79
07:32.3,5.761054087,74.01417868,68.68042407,-3.14220654,-69.92654492,-36.99394753,127.9329545,331.3910413,414.0631859,1008.25,-1,-1,07:56.3,1008.77
07:33.3,5.761877878,74.01502545,68.67950903,-3.143448252,-69.92612355,-36.99265786,127.9324164,331.38767,414.0588844,1008.26,-1,-1,07:57.3,1008.82
07:34.3,5.762572778,74.01498338,68.67868204,-3.143586231,-69.92418974,-36.99041045,127.9302843,331.3784339,414.0459811,1008.26,-1,-1,07:58.8,1008.72
07:35.3,5.761474583,74.01346163,68.67901775,-3.142420709,-69.92445016,-36.99183002,127.9304608,331.38181,414.0507875,1008.3,-1,-1,07:59.3,1008.72
07:36.3,5.762486419,74.01440012,68.67879508,-3.143429261,-69.92498584,-36.9913017,127.9312723,331.3817635,414.0499432,1008.24,-1,-1,07:59.5,1008.77
07:37.3,5.760240231,74.01339495,68.68041598,-3.141808337,-69.92686261,-36.99498456,127.9330983,331.3941305,414.0681584,1008.26,-1,-1,08:00.4,1008.78
07:38.3,5.763662273,74.01571566,68.67765996,-3.144951364,-69.92394482,-36.98909227,127.9300432,331.3751794,414.0413401,1008.33,-1,-1,08:01.4,1008.81
07:39.1,5.762023654,74.01434744,68.6799108,-3.142261908,-69.92479078,-36.99165927,127.9312034,331.3819051,414.0497724,1008.32,-1,-1,08:02.4,1008.76
07:39.8,5.760430288,74.01459203,68.68211705,-3.141776879,-69.92932627,-36.99691414,127.9362779,331.403479,414.0797093,1008.26,-1,-1,08:03.3,1008.76
07:40.8,5.761748433,74.01706181,68.68144778,-3.143786666,-69.92905833,-36.99505354,127.9359377,331.3997115,414.0752393,1008.32,-1,-1,08:03.5,1008.79
07:41.8,5.763887866,74.01822611,68.68026572,-3.144529286,-69.92558598,-36.99013412,127.9323754,331.3811577,414.0485896,1008.27,-1,-1,08:04.3,1008.81
07:42.9,5.759578515,74.01435192,68.68263692,-3.140642216,-69.92806206,-36.99659695,127.9346933,331.4002828,414.0762503,1008.26,-1,-1,08:05.3,1008.81
07:43.8,5.763189256,74.01663557,68.67906715,-3.144814209,-69.92596595,-36.99114234,127.932406,331.3842968,414.0539015,1008.28,-1,-1,08:05.4,1008.76
07:44.9,5.762044367,74.01506536,68.67983485,-3.142693226,-69.92469876,-36.99138733,127.930977,331.3815944,414.0501062,1008.25,-1,-1,08:06.3,1008.76
07:45.6,5.761004953,74.01366084,68.67970318,-3.142285753,-69.92570983,-36.99329557,127.9318667,331.3879173,414.0593821,1008.25,-1,-1,08:07.4,1008.81
07:46.3,5.762645976,74.01457044,68.67807446,-3.143927718,-69.92420929,-36.99038458,127.9302277,331.3784468,414.0461416,1008.28,-1,-1,08:08.4,1008.76
07:47.3,5.762101543,74.0138103,68.67868336,-3.142824452,-69.92400009,-36.99087497,127.9300669,331.3787072,414.0461411,1008.24,-1,-1,08:09.3,1008.76
07:48.4,5.760728131,74.01285403,68.67928825,-3.142149381,-69.92557939,-36.99351088,127.9316086,331.3880188,414.059718,1008.27,-1,-1,08:09.5,1008.81
07:49.3,5.762875115,74.01381073,68.6768795,-3.142923975,-69.91930634,-36.98405621,127.9333221,331.3779806,414.0467637,1008.29,-1,-1,08:11.5,1008.74
07:50.3,5.709447023,73.96867788,68.76417002,-2.836538813,-69.61693558,-37.15290889,127.1964278,330.735713,414.2405948,1008.24,-1,-1,08:11.5,1008.78
07:51.3,6.519981033,75.30412112,68.38503969,-4.936596235,-70.50743581,-35.13797105,129.1937134,328.6678087,409.7522517,1008.24,-1,-1,08:12.3,1008.78
07:52.3,-8.727248748,59.00839729,63.24876825,-0.249699991,-68.18520447,-42.42349046,118.3855819,324.389481,412.2233695,1008.24,-1,-1,08:12.5,1008.84
07:53.3,4.796195061,73.88403896,68.80562597,-5.244690017,-77.43839073,-50.52812564,112.1742533,319.1723161,408.4973055,1008.25,-1,-1,08:13.4,1008.85
07:54.3,5.162146793,75.92496064,70.67587294,-5.406777997,-79.30394345,-52.23741207,111.6831527,319.3622445,408.5655843,1008.27,-1,-1,08:14.9,1008.84
07:55.3,2.931534327,73.53408362,69.54679428,-5.065239955,-78.64042526,-52.49639058,110.3987379,317.983597,407.9198379,1008.28,-1,-1,08:15.9,1008.84
07:56.3,3.986188815,74.72556526,70.17387205,-5.266525934,-79.29323624,-53.09217091,109.9949184,317.6239032,407.609146,1008.24,-1,-1,08:16.3,1008.84
07:57.3,3.61356018,74.1241916,70.04811699,-4.54965355,-78.0362734,-51.98353331,110.4763455,317.5405977,407.3675334,1008.17,-1,-1,08:17.6,1008.77
07:58.3,3.499808814,74.29837617,70.28081539,-4.73099757,-78.86392114,-53.14889158,109.5714793,317.2235071,407.4330875,1008.19,-1,-1,08:18.3,1008.77
07:59.3,4.409982246,74.93862442,70.3255502,-4.974194904,-78.79160946,-52.5543554,110.2677794,317.4899107,407.2520826,1008.21,-1,-1,08:18.4,1008.79
08:00.3,3.947197648,74.65431747,70.51452811,-4.688208062,-79.07779162,-53.57997361,109.0730197,316.8298587,407.2647803,1008.18,-1,-1,08:19.3,1008.79
08:01.3,4.01880918,74.75210621,70.51068964,-4.758137913,-79.10399185,-53.54034596,109.10737,316.8128325,407.2308691,1008.24,-1,-1,08:20.4,1008.81
08:02.4,3.974217977,74.72310512,70.50443287,-4.752371065,-79.09640067,-53.53520955,109.1064816,316.8033579,407.2166159,1008.21,-1,-1,08:21.8,1008.81
08:03.3,3.970806779,74.72124189,70.50744569,-4.749234521,-79.0992915,-53.54100445,109.1095173,316.8221956,407.2434328,1008.21,-1,-1,08:22.4,1008.77
08:04.3,3.973673553,74.72390849,70.505428,-4.752516915,-79.09835243,-53.53721211,109.1086295,316.8123866,407.2295172,1008.22,-1,-1,08:23.4,1008.77
08:05.3,3.972598626,74.72311024,70.50657519,-4.750741868,-79.09784726,-53.53792606,109.1080816,316.8126019,407.229854,1008.22,-1,-1,08:24.3,1008.85
08:06.3,3.972452159,74.72286766,70.50653262,-4.750874378,-79.09854663,-53.538672,109.1088353,316.8157289,407.2341542,1008.23,-1,-1,08:25.3,1008.77
08:07.3,3.972862721,74.72351792,70.50659817,-4.751281657,-79.09874521,-53.53840277,109.1091482,316.8156428,407.2338161,1008.22,-1,-1,08:26.3,1008.84
08:08.4,3.972321051,74.72341052,70.50717115,-4.750807254,-79.09922549,-53.53931155,109.1096536,316.818729,407.238285,1008.22,-1,-1,08:27.4,1008.86
08:09.3,3.972938493,74.72389831,70.50668182,-4.751423618,-79.09875378,-53.53827986,109.1091562,316.8155386,407.2338146,1008.25,-1,-1,08:28.3,1008.86
08:10.3,3.973007248,74.7240163,70.50709596,-4.751140492,-79.09882514,-53.53832957,109.109371,316.8156297,407.2334766,1008.22,-1,-1,08:28.7,1008.79
08:11.3,3.971639692,74.7233872,70.50812407,-4.750259348,-79.10041,-53.54095556,109.1109967,316.8249268,407.2468847,1008.25,-1,-1,08:29.6,1008.85
08:12.3,3.973896199,74.7253713,70.50688914,-4.752303065,-79.09922692,-53.53767977,109.1099208,316.8153696,407.2329691,1008.18,-1,-1,08:30.3,1008.85
08:13.4,3.970905121,74.72292446,70.50833347,-4.749593116,-79.09999443,-53.54127385,109.1103593,316.8248815,407.2475583,1008.23,-1,-1,08:31.3,1008.82
08:14.3,3.886385032,74.42473004,70.1729302,-4.44483597,-77.58718725,-51.41556072,110.2054975,316.0644378,406.0406399,1008.29,-1,-1,08:32.4,1008.79
08:15.3,2.351768241,76.40286957,73.37441555,-5.445190726,-83.03023457,-54.22849105,114.5985244,320.8655757,400.8727333,1008.33,-1,-1,08:32.8,1008.76
08:16.3,42.63906969,83.48879945,58.71136723,-15.81241914,-79.31567575,-49.1251145,108.8189381,310.8866781,401.4184409,1008.33,-1,-1,08:33.4,1008.76
08:17.3,8.214933161,70.43691174,62.20312112,-9.013823995,-75.76782807,-46.4410977,114.2300654,318.4844193,407.7006023,1008.29,-1,-1,08:34.4,1008.79
08:18.3,6.201262981,74.70384923,67.46627784,-5.204694734,-68.88834095,-31.3770033,134.6132174,335.2330287,416.0693739,1008.3,-1,-1,08:35.3,1008.84
08:19.4,-20.52897774,52.75120898,61.20971565,0.239400857,-65.09162084,-36.56050745,125.1604419,329.3829096,414.6545885,1008.28,-1,-1,08:36.5,1008.74
08:20.3,5.391655736,73.4501806,66.63601716,-6.481003072,-70.08694667,-27.65438357,147.7163455,353.6295126,427.9086708,1008.3,-1,-1,08:37.5,1008.74
08:21.3,13.03437793,76.97559106,65.86361907,-7.54485717,-68.89106019,-25.28888916,149.6105198,355.7217426,431.4035093,1008.23,-1,-1,08:38.5,1008.83
08:22.3,12.56929722,82.33314221,72.09001249,-5.1675624,-70.06124095,-26.20165514,151.3664102,359.1942204,434.4742324,1008.29,-1,-1,08:39.4,1008.84
08:23.3,7.144785049,80.2797038,72.88927756,-4.9189708,-72.04841174,-28.14084875,151.9607556,360.6145604,433.0397883,1008.29,-1,-1,08:40.4,1008.75
08:24.3,13.61148823,75.33338634,63.52002255,-8.754223212,-68.72531553,-24.97499689,148.5236972,352.4165324,426.8900265,1008.27,-1,-1,08:41.3,1008.75
08:25.3,12.70755812,75.85062471,64.38994602,-8.831291793,-69.45145283,-25.1500226,149.2732887,353.2842185,427.0214105,1008.33,-1,-1,08:43.5,1008.75
08:26.3,12.8076823,75.40406711,63.85871941,-8.752781311,-68.7916079,-24.8240076,148.6232299,352.3649449,427.1471596,1008.35,-1,-1,08:43.6,1008.76
08:27.3,13.0635479,79.35388769,68.44642641,-7.358007239,-70.70856807,-26.639581,149.0700113,353.1256948,425.4409565,1008.35,-1,-1,08:44.3,1008.77
08:28.3,11.08307494,69.67694163,58.93991274,-9.679866051,-67.43955286,-24.89174569,146.3105317,350.2981504,427.144912,1008.32,-1,-1,08:45.3,1008.75
08:29.4,12.02264661,79.16630604,68.62763566,-6.57968525,-69.74935182,-26.43619401,149.8102375,358.1634036,435.2503196,1008.36,-1,-1,08:46.3,1008.76
08:30.3,12.77156796,89.38166441,78.85762182,-4.734959463,-74.25746591,-28.5799301,153.1698394,360.6999153,431.6033458,1008.33,-1,-1,08:47.4,1008.73
08:31.3,4.624622182,66.86131883,60.13859905,-7.555603896,-66.91376036,-25.00143149,147.9052427,353.6198123,429.9817485,1008.31,-1,-1,08:48.4,1008.77
08:32.3,10.05231552,75.24674533,65.02338634,-7.951429936,-68.96396555,-25.20228336,149.3599396,354.8513938,430.428354,1008.29,-1,-1,08:49.4,1008.69
08:33.3,7.291526774,77.27296297,70.1606765,-4.003138723,-68.83623079,-27.48554827,148.4498649,357.6832409,435.4519267,1008.3,-1,-1,08:50.3,1008.75
08:34.3,12.55516864,89.25814913,79.23630771,-4.538253409,-74.89277322,-29.21694339,153.7901625,361.8431481,430.9271837,1008.31,-1,-1,08:51.3,1008.75
08:35.3,15.97167245,71.71011732,58.1544539,-11.53627432,-68.16710866,-23.0219557,149.8508568,352.2020737,425.4349279,1008.26,-1,-1,08:52.4,1008.79
08:36.4,15.42310249,73.19128647,59.22004258,-12.29204825,-69.48974385,-23.12499328,151.028397,353.2862254,425.3445313,1008.31,-1,-1,08:53.7,1008.78
08:37.3,15.83768903,72.4195226,58.10943803,-12.05449839,-67.8302678,-22.2554768,149.5287218,351.3146378,426.2389356,1008.33,-1,-1,08:54.4,1008.81
08:38.4,9.627116515,75.91032902,65.95197345,-8.574197694,-70.61259305,-25.57389107,149.9981544,352.5283502,423.3098342,1008.32,-1,-1,08:55.3,1008.81
08:39.3,11.92387515,66.22482897,54.28172196,-12.40623114,-67.46073231,-23.42721846,147.5510109,350.0634607,425.4463731,1008.27,-1,-1,08:56.4,1008.81
08:40.3,13.14671593,74.72065423,63.04621147,-8.517688763,-67.91156731,-24.6423013,148.7125653,355.1233497,432.9937731,1008.3,-1,-1,08:58.0,1008.83
08:41.3,14.8473247,91.2582731,79.6274185,-5.171584513,-75.05767642,-28.72090254,154.1441985,362.3820725,432.9212321,1008.3,-1,-1,08:58.5,1008.82
08:42.3,8.422020763,71.61873712,63.52762868,-6.987648014,-68.79906172,-27.25322094,147.9230788,356.9596287,434.4929801,1008.27,-1,-1,08:59.4,1008.79
08:43.3,14.82461262,83.75930168,71.47287309,-6.481426799,-70.89296068,-27.87160985,146.5061787,351.1937591,426.7760428,1008.29,-1,-1,09:00.4,1008.79
08:44.3,4.139827272,73.77677078,67.60892068,-5.6461338,-69.72519347,-27.54120157,148.1382142,354.794946,429.6625334,1008.28,-1,-1,09:01.4,1008.79
08:45.3,12.56102686,78.91555164,68.47783345,-6.729782212,-70.2726151,-26.74281563,149.7947423,356.1352238,429.3214678,1008.28,-1,-1,09:03.0,1008.76
08:46.3,19.50222763,79.36056601,65.84222314,-5.343381116,-64.65932146,-24.97651112,143.569414,350.5301535,435.0678165,1008.27,-1,-1,09:03.4,1008.76
08:47.3,1.35269118,95.8236339,93.43973071,3.944493663,-75.62583793,-33.93159011,150.053869,360.0922717,430.7148424,1008.28,-1,-1,09:04.8,1008.75
08:48.4,4.172322948,69.80348265,64.69679736,-5.307811444,-69.2638239,-30.04098141,144.321709,353.3479817,430.6797379,1008.27,-1,-1,09:05.4,1008.76
08:49.3,21.33709211,83.66238173,67.97439799,-6.570987984,-65.84268506,-23.51164582,145.193632,348.4388647,430.8840664,1008.26,-1,-1,09:06.3,1008.73
08:50.4,-25.37208155,68.57501056,79.99263222,5.451295709,-69.68940586,-32.64383114,147.2598732,358.6595762,432.1459397,1008.27,-1,-1,09:07.4,1008.75
08:51.3,14.51947216,78.75036719,67.63297572,-6.858689913,-70.03158252,-27.26652382,148.3706624,355.2680421,430.7095253,1008.31,-1,-1,09:08.3,1008.76
08:52.4,11.1388674,77.44566664,67.53308511,-6.305897618,-68.45521044,-24.98345163,149.9474846,355.3379117,430.0899093,1008.3,-1,-1,09:09.4,1008.78
08:53.3,9.715640611,77.22860863,67.93254676,-6.554578155,-69.66058418,-26.23480686,149.5249802,355.5466524,430.1270665,1008.31,-1,-1,09:10.4,1008.78
08:54.3,10.70460206,77.29181401,67.4596746,-6.847758287,-69.51829024,-25.92802464,149.7318458,355.7278745,430.443073,1008.3,-1,-1,09:11.4,1008.78
08:55.3,9.734160244,76.97626566,67.76399284,-6.429608369,-69.57716239,-26.68191081,148.6078451,354.8160508,430.0798613,1008.29,-1,-1,09:12.4,1008.78
08:56.3,9.472234296,76.86325966,67.78027467,-6.231943251,-69.11889955,-26.05750671,149.1116209,354.9821507,429.9837099,1008.3,-1,-1,09:13.4,1008.78
08:57.3,9.389480182,76.79436825,67.7802115,-6.204777973,-69.11878656,-26.08021645,149.0998019,354.9868818,429.9839752,1008.3,-1,-1,09:14.4,1008.76
08:58.3,9.410281096,76.80135869,67.77896059,-6.207387203,-69.12089533,-26.08176614,149.10005,354.9900796,429.9884441,1008.32,-1,-1,09:15.4,1008.75
08:59.3,9.410892082,76.80210503,67.77893007,-6.207994907,-69.12120628,-26.08141055,149.1005291,354.9900067,429.9879373,1008.29,-1,-1,09:16.4,1008.73
09:00.3,9.409737077,76.80164065,67.77982665,-6.207116697,-69.12212647,-26.08326431,149.1014284,354.9961851,429.9970445,1008.28,-1,-1,09:17.4,1008.72
09:01.3,9.411177665,76.80245435,67.77829404,-6.208558347,-69.12051355,-26.08043946,149.0996233,354.9867012,429.9839725,1008.34,-1,-1,09:18.5,1008.74
09:02.3,9.411382341,76.80222411,67.77865618,-6.207923851,-69.11994111,-26.07992388,149.0992073,354.983873,429.9791648,1008.29,-1,-1,09:19.4,1008.75
09:03.3,9.408572707,76.80058468,67.78062774,-6.20601956,-69.12310132,-26.08529793,149.1024506,355.0025706,430.0059817,1008.34,-1,-1,09:20.5,1008.79
09:04.3,9.412671733,76.80429267,67.77838628,-6.209903613,-69.12128822,-26.07960573,149.100859,354.9865624,429.9826207,1008.33,-1,-1,09:21.4,1008.77
09:05.3,9.409066205,76.80213916,67.78178945,-6.20594416,-69.12335168,-26.08497281,149.1030429,355.0024494,430.0051368,1008.34,-1,-1,09:22.3,1008.76
09:06.3,9.411239615,76.80432578,67.78046881,-6.208672271,-69.12362499,-26.08292262,149.1035177,354.9989524,429.9998228,1008.33,-1,-1,09:23.4,1008.76
09:07.3,9.410164264,76.80404894,67.78174507,-6.207313557,-69.12384043,-26.08414097,149.1037394,355.0020909,430.0044605,1008.33,-1,-1,09:24.4,1008.76
09:08.3,9.410846614,76.80445962,67.7810826,-6.20806536,-69.12340427,-26.08308383,149.1032693,354.9989098,429.9999902,1008.33,-1,-1,09:25.3,1008.82
09:09.3,9.41050883,76.80405825,67.78126554,-6.207587513,-69.12324527,-26.08331605,149.1030678,354.9989889,430.0001583,1008.37,-1,-1,09:26.4,1008.75
09:10.3,9.411116843,76.80467313,67.78139984,-6.207982727,-69.12358722,-26.08304629,149.1036504,354.9990131,429.9994827,1008.34,-1,-1,09:27.4,1008.77
09:11.3,9.409342067,76.80411035,67.78307883,-6.206692089,-69.12572997,-26.08652107,149.1059201,355.0114013,430.0171917,1008.37,-1,-1,09:28.4,1008.79
09:12.4,9.411872548,76.80657224,67.78183324,-6.209078148,-69.12466946,-26.08303769,149.1050184,355.0017548,430.0031073,1008.39,-1,-1,09:29.3,1008.75
09:13.3,9.410036009,76.80576094,67.78414446,-6.206817153,-69.12609269,-26.08610954,149.1066786,355.0112932,430.0161779,1008.37,-1,-1,09:30.4,1008.76
09:14.3,9.41009816,76.8065946,67.78439347,-6.207572829,-69.12759969,-26.08717785,149.1083485,355.017245,430.0246104,1008.39,-1,-1,09:31.4,1008.76
09:15.3,9.411408024,76.80814847,67.78408942,-6.208528869,-69.12670404,-26.08507018,149.1075492,355.0108455,430.015333,1008.33,-1,-1,09:33.0,1008.72
09:16.3,9.409233669,76.80628614,67.78494924,-6.206635665,-69.12711306,-26.08754713,149.1076565,355.0171813,430.0252839,1008.32,-1,-1,09:33.4,1008.78
09:17.4,9.411831168,76.80697764,67.78163698,-6.20917017,-69.12379075,-26.08220149,149.1038916,354.9984151,429.9993093,1008.36,-1,-1,09:34.4,1008.76
09:18.3,9.410942997,76.80496778,67.7818769,-6.207378815,-69.12269691,-26.08243021,149.1026757,354.9958465,429.9953451,1008.35,-1,-1,09:35.3,1008.75
09:19.3,9.409554889,76.80381092,67.78268171,-6.206688578,-69.12508398,-26.08583785,149.1052132,355.0083872,430.0128855,1008.36,-1,-1,09:36.4,1008.77
09:20.3,9.411194554,76.8058282,67.78206441,-6.208532403,-69.12509248,-26.0840972,149.1054044,355.0049425,430.0077403,1008.35,-1,-1,09:37.6,1008.85
09:21.3,9.410184117,76.80547426,67.78316753,-6.207309176,-69.1253435,-26.08529006,149.1056534,355.0080902,430.0123779,1008.31,-1,-1,09:38.7,1008.82
09:22.3,9.410324493,76.80519231,67.78219672,-6.207801256,-69.12460012,-26.08447635,149.1046283,355.0048932,430.0085826,1008.36,-1,-1,09:39.4,1008.79
09:23.4,9.412033577,76.80569936,67.78085397,-6.20874389,-69.12245113,-26.08111124,149.1024346,354.9925912,429.9907035,1008.34,-1,-1,09:40.3,1008.82
09:24.3,9.409021054,76.80331091,67.78295727,-6.206010368,-69.12480935,-26.08615306,149.1048456,355.0084495,430.0132195,1008.34,-1,-1,09:42.0,1008.84
09:25.3,9.411336448,76.80541199,67.78125486,-6.208811944,-69.12437674,-26.08336602,149.1044827,355.0018391,430.0037735,1008.33,-1,-1,09:42.3,1008.84
09:26.3,9.410329425,76.80466813,67.78206407,-6.20738488,-69.12387613,-26.08396863,149.1038587,355.0019666,430.004279,1008.32,-1,-1,09:43.3,1008.84
09:27.3,9.410667235,76.80435078,67.78116202,-6.207864888,-69.12327613,-26.08315441,149.1031032,354.9988799,430.0001462,1008.31,-1,-1,09:44.3,1008.83
09:28.3,9.410601239,76.80370983,67.78061694,-6.207731565,-69.12248239,-26.08259872,149.1021188,354.9958641,429.9961821,1008.32,-1,-1,09:46.9,1008.82
09:29.3,9.410871161,76.80333811,67.78005287,-6.207863597,-69.12187783,-26.08189582,149.1014393,354.9928653,429.9918805,1008.32,-1,-1,09:46.9,1008.86
09:30.3,9.410320887,76.80277192,67.78036727,-6.207382777,-69.12238345,-26.08290029,149.1019641,354.9960631,429.9963495,1008.32,-1,-1,09:48.1,1008.85
09:31.3,9.599227278,77.41679237,68.32991565,-7.175139006,-72.46037265,-29.90522359,148.4447515,358.343181,433.0490579,1008.27,-1,-1,09:49.1,1008.85
09:32.3,12.24580552,71.05066384,60.78527724,-2.060106379,-56.29807184,-22.60821587,135.6922543,344.5467768,444.9594016,1008.31,-1,-1,09:49.8,1008.89
09:33.3,-37.86537198,109.2160936,129.8795421,18.60006125,-91.15778866,-48.94234165,158.6495403,376.2508932,425.5984,1008.27,-1,-1,09:50.4,1008.89
09:34.3,51.94181244,65.57870062,33.46037919,-24.0409403,-62.76174235,-15.67568146,146.901709,343.0360441,420.3540641,1008.3,-1,-1,09:51.4,1008.85
09:35.3,21.48548524,75.19181336,56.27908684,-17.11154311,-72.45199652,-23.16802423,153.1181366,357.1201475,430.1993964,1008.31,-1,-1,09:52.3,1008.85
09:36.3,18.04416732,78.00974616,60.93088744,-13.83902127,-69.71740861,-19.87655884,154.68255,354.9500363,428.1181979,1008.32,-1,-1,09:54.3,1008.84
09:37.3,-35.75486717,32.90232717,44.20528512,-7.349870577,-61.54966497,-23.6652498,144.9233652,352.5797616,435.0119423,1008.34,-1,-1,09:54.5,1008.83
09:38.3,-12.88041523,69.14141573,72.24884358,-2.319914975,-76.45022819,-43.53172763,131.8997324,346.7562379,430.4074309,1008.25,-1,-1,09:55.9,1008.84
09:39.3,11.05592397,87.05825106,81.58692406,-0.506659527,-82.11146245,-57.61620776,111.6482936,327.2780283,419.0340633,1008.29,-1,-1,09:58.3,1008.87
09:40.3,2.1618071,73.21227682,70.04400431,-3.781666732,-78.0794687,-53.20881509,111.149429,323.7583892,418.047884,1008.24,-1,-1,09:58.9,1008.85
09:41.3,-7.813678906,66.51700075,68.1915259,-0.560755078,-71.23810359,-47.47554657,109.7736117,313.9149426,405.7410915,1008.25,1,1,09:58.9,1008.89
09:42.3,-9.677525253,65.13805795,68.97496125,0.745070585,-71.30625676,-48.52172058,109.2880436,314.2907203,405.9629861,1008.23,1,1,09:59.6,1008.84
09:43.4,-9.46149839,64.65518228,68.36037542,0.578196547,-71.12416448,-48.48425797,109.0497259,314.2638733,406.7228188,1008.19,1,1,10:00.5,1008.82
09:44.3,-9.744107421,64.59069533,68.50858221,0.670312835,-71.19357149,-48.57550997,109.0651272,314.333946,406.7317076,1008.2,1,1,10:01.4,1008.84
09:45.3,-9.746403796,64.56168481,68.50937234,0.720020729,-71.12926228,-48.53838473,109.0642159,314.3111375,406.7073487,1008.27,1,1,10:02.4,1008.83
09:46.3,-9.746762627,64.5608204,68.5100852,0.720938554,-71.12997333,-48.53956032,109.0652172,314.3146399,406.7111427,1008.27,1,1,10:03.4,1008.83
09:47.3,-9.748624307,64.56091457,68.5127255,0.721971965,-71.13439184,-48.54501277,109.0702016,314.3362883,406.7410795,1008.26,1,1,10:04.3,1008.85
09:48.4,-9.7469059,64.56416227,68.5127461,0.719775952,-71.13513686,-48.54364547,109.0712542,314.3356499,406.7400664,1008.27,1,1,10:05.4,1008.84
09:49.3,-9.74688144,64.56488503,68.51355662,0.720385464,-71.13437042,-48.542939,109.0705298,314.3324881,406.7355961,1008.24,1,1,10:06.3,1008.84
09:50.3,-9.747903067,64.56387633,68.51381287,0.721196641,-71.13461001,-48.5441516,109.0706107,314.3356648,406.7405713,1008.27,1,1,10:07.3,1008.83
09:51.3,-9.746129597,64.5648279,68.51242615,0.719702085,-71.13321732,-48.54126535,109.0692141,314.3262952,406.7269931,1008.27,1,1,10:08.3,1008.84
09:52.3,-9.748042371,64.563439,68.51406375,0.721686524,-71.13459361,-48.54438246,109.0706789,314.3358534,406.7404012,1008.24,1,1,10:09.4,1008.9
09:53.3,-9.747431069,64.56412094,68.51328018,0.720447785,-71.13483687,-48.54386505,109.0708671,314.3356007,406.7404005,1008.26,1,1,10:10.3,1008.85
09:54.3,-9.746326714,64.56472981,68.51251961,0.719902525,-71.13310247,-48.54134924,109.0690479,314.3262794,406.7271598,1008.27,1,1,10:11.4,1008.83
09:55.3,-9.747696697,64.56344764,68.51358334,0.72141257,-71.13399762,-48.54355671,109.0700074,314.3327505,406.7360983,1008.26,1,1,10:12.4,1008.86
09:56.4,-9.747430723,64.56398746,68.51344238,0.720660298,-71.13486536,-48.54394839,109.0709705,314.3356952,406.7402298,1008.26,1,1,10:13.5,1008.84
09:57.3,-9.746943142,64.56462942,68.51329936,0.720314921,-71.13432254,-48.54296771,109.0704184,314.3324864,406.7357594,1008.24,1,1,10:14.4,1008.82
09:58.0,-9.747551846,64.56388162,68.51332807,0.720922653,-71.13400993,-48.54332173,109.0699393,314.3325576,406.736265,1008.24,1,1,10:15.4,1008.89
09:59.3,-9.746801238,64.5638252,68.51219859,0.720239367,-71.13285765,-48.54164899,109.0686236,314.3263657,406.7276629,1008.24,1,1,10:17.1,1008.84
10:00.3,-9.747348241,64.56286932,68.5122192,0.720923865,-71.13261179,-48.5420631,109.0682755,314.326543,406.7279993,1008.22,1,1,10:18.3,1008.85
10:01.3,-9.747488074,64.56236786,68.51171766,0.720782859,-71.13252834,-48.54213304,109.0680526,314.3265526,406.7283362,1008.25,1,1,10:19.1,1008.86
10:02.3,-9.746395736,64.562908,68.51099245,0.720040125,-71.1315709,-48.54030306,109.0671259,314.3203632,406.7192276,1008.23,1,1,10:19.5,1008.89
10:03.3,-9.748240589,64.56157348,68.51229206,0.721676573,-71.13295174,-48.54330882,109.0685147,314.3298335,406.7328044,1008.25,1,1,10:20.3,1008.83
10:04.3,-9.746332049,64.56321961,68.5111115,0.719700753,-71.13235646,-48.54086611,109.0680264,314.3233909,406.7233584,1008.23,1,1,10:21.4,1008.87
10:05.3,-9.748029344,64.562127,68.51245281,0.721469721,-71.13303712,-48.54312511,109.0686614,314.3297333,406.7326344,1008.24,1,1,10:22.7,1008.85
10:06.3,-9.746530258,64.56312219,68.51120582,0.719901182,-71.13224244,-48.54095081,109.0678602,314.323376,406.7235257,1008.26,1,1,10:25.0,1008.86
10:07.3,-9.747278297,64.56265579,68.51220452,0.721000973,-71.13267238,-48.54211762,109.0684063,314.3266432,406.7278259,1008.24,1,1,10:25.0,1008.85
10:08.3,-9.747829055,64.5626111,68.51264807,0.721065421,-71.13389866,-48.54362647,109.0697006,314.3327641,406.7365958,1008.26,1,1,10:25.4,1008.84
10:09.3,-9.746389268,64.5640107,68.51199764,0.719838432,-71.1330741,-48.54146782,109.068956,314.3263831,406.7273184,1008.26,1,1,10:26.4,1008.84
10:10.3,-9.747750645,64.56318732,68.51331995,0.721342045,-71.13394393,-48.54357961,109.069896,314.3327426,406.736257,1008.22,1,1,10:27.5,1008.82
10:11.3,-9.747613729,64.56329541,68.51264311,0.720646082,-71.13395221,-48.54335611,109.0697439,314.3325659,406.7365937,1008.23,1,1,10:28.4,1008.9
10:12.3,-9.746237586,64.56366469,68.51115452,0.719756297,-71.13158307,-48.54005239,109.0671418,314.3201496,406.7192208,1008.26,1,1,10:29.4,1008.85
10:13.3,-9.747268192,64.56226172,68.5119053,0.721204871,-71.13191573,-48.54152243,109.0675332,314.3236177,406.7236898,1008.24,1,1,10:30.4,1008.91
10:14.3,-9.74803144,64.5620522,68.51248031,0.721272293,-71.13380664,-48.54380353,109.0695539,314.3328573,406.7367605,1008.28,1,1,10:31.4,1008.87
10:15.3,-9.746046704,64.5642759,68.51197339,0.719573092,-71.13325828,-48.54131562,109.069261,314.326395,406.7269769,1008.24,1,1,10:32.4,1008.87
10:16.3,-9.748699688,64.56281566,68.51411609,0.722019844,-71.13497233,-48.54534286,109.0709615,314.3389299,406.7451921,1008.27,-1,1,10:33.4,1008.85
10:17.4,-9.752809423,64.5380353,68.47741477,0.70367207,-71.12040331,-48.52562432,109.0572717,314.2984454,406.7260132,1008.32,1,1,10:34.7,1008.92
10:18.3,-9.722880114,64.63283457,68.51673101,0.625941549,-71.18971267,-48.42538252,109.2359975,314.2015367,406.119493,1008.28,-1,1,10:35.4,1008.87
10:19.4,-9.636984878,64.48285181,68.38576708,0.708272696,-71.05663363,-48.50783453,109.0210993,314.2885147,406.7782577,1008.27,-1,1,10:36.3,1008.89
10:20.3,-9.71339261,64.62158934,68.46651479,0.573617462,-71.20504946,-48.41657403,109.2303249,314.1816339,406.1243371,1008.28,1,1,10:37.4,1008.84
10:21.4,-9.608208068,64.57096044,68.42473711,0.663531245,-71.06711632,-48.39161921,109.1160064,314.0633759,406.1278262,1008.28,1,1,10:38.5,1008.85
10:22.3,-9.626438288,64.67252129,68.38012436,0.420270461,-71.11302684,-47.87352839,109.8849726,314.3637895,405.958044,1008.28,1,1,10:39.4,1008.92
10:23.3,-11.85592535,62.2057724,67.79249408,1.031327155,-71.86376002,-50.77524102,107.0210392,313.5258922,405.9812823,1008.28,1,1,10:40.3,1008.92
10:24.4,1.571667063,72.17764906,70.5015038,-1.156931391,-74.26700159,-51.46462759,106.7482451,312.3261458,404.374064,1008.26,1,1,10:41.4,1008.9
10:25.3,3.35217077,73.85584736,71.36251957,-1.333882363,-75.06846931,-52.48308095,105.5852609,311.1858735,403.7851115,1008.24,1,1,10:42.3,1008.95
10:26.3,1.833198405,72.96702615,71.23686632,-1.292907132,-75.2131535,-52.4308697,106.3247585,312.3577235,404.5173844,1008.27,1,1,10:43.4,1008.91
10:27.3,3.428967966,74.0814014,71.632275,-1.321939284,-75.4766606,-53.04815338,105.3582557,311.4650546,404.1703048,1008.27,1,1,10:44.4,1008.91
10:28.3,2.874625376,73.53063072,71.25041436,-1.176336777,-74.56686944,-51.73316151,106.2758819,311.5564923,403.8659421,1008.24,1,1,10:45.7,1008.91
10:29.3,1.473349256,72.69428462,71.24785948,-1.109900313,-75.25066111,-53.03321058,105.2209264,311.253449,403.9691333,1008.29,1,1,10:46.9,1008.9
10:30.3,2.122744785,72.86464439,71.0985853,-1.01448124,-74.70562233,-52.45529858,105.3413654,310.9399116,403.6423659,1008.26,1,1,10:47.8,1008.92
10:31.3,2.590130397,73.5559152,71.52003699,-1.240815354,-75.42893749,-53.14836427,105.0633386,311.0239087,403.7858143,1008.25,1,1,10:48.7,1008.91
10:32.3,2.631887237,73.54183326,71.48243211,-1.250558996,-75.40881098,-53.13394964,105.0550085,311.0127057,403.7931132,1008.28,1,1,10:49.4,1008.9
10:33.3,2.613972218,73.53992871,71.4881844,-1.246035472,-75.4073644,-53.13383551,105.0542323,311.009838,403.7888116,1008.28,1,1,10:50.4,1008.92
10:34.3,2.612867105,73.53918703,71.48910804,-1.245277717,-75.40912814,-53.13643549,105.0561549,311.0192547,403.8018823,1008.27,1,1,10:51.4,1008.91
10:35.3,2.613619532,73.54036946,71.48882495,-1.24637533,-75.40945388,-53.13584738,105.0565659,311.0189915,403.8015442,1008.31,1,1,10:52.3,1008.87
10:36.3,2.614310173,73.54130333,71.4891741,-1.24650253,-75.40906009,-53.13485637,105.0563673,311.0158786,403.7965677,1008.24,1,1,10:52.3,1008.87
10:37.3,2.611719461,73.53957014,71.49055541,-1.244609818,-75.41077301,-53.13878212,105.0579078,311.0283401,403.8151204,1008.27,1,1,10:53.3,1008.87
10:38.3,2.615684279,73.54199758,71.48722555,-1.24822723,-75.40737409,-53.13198022,105.0543474,311.0063019,403.7838325,1008.3,1,1,10:53.4,1008.87
10:39.3,2.612887367,73.53944829,71.48965649,-1.244661708,-75.40838369,-53.13582143,105.0554499,311.0162011,403.7974094,1008.27,1,1,10:54.3,1008.85
10:40.3,2.612731339,73.53978992,71.48961362,-1.245620538,-75.41054968,-53.13767179,105.0577622,311.025286,403.8103113,1008.31,1,1,10:55.4,1008.86
10:41.3,2.614928564,73.54217844,71.48897525,-1.247322712,-75.40933671,-53.13441163,105.056743,311.015705,403.7962269,1008.32,1,1,10:56.4,1008.85
10:42.3,2.612679088,73.54110622,71.49151402,-1.244858264,-75.41131217,-53.13834213,105.0589633,311.028349,403.8137672,1008.32,1,1,10:58.0,1008.87
10:43.3,2.61362848,73.54277475,71.49142882,-1.246360184,-75.41250194,-53.13825786,105.0604135,311.0311192,403.8173925,1008.33,1,1,10:59.5,1008.9
10:44.8,2.613779304,73.54373334,71.49218702,-1.24622541,-75.41255817,-53.1380906,105.0606168,311.0309962,403.8170544,1008.29,1,1,10:59.5,1008.9
10:45.8,2.612831256,73.54310658,71.49252867,-1.245556428,-75.41280807,-53.13918168,105.0607059,311.0340701,403.8220291,1008.33,1,1,10:59.5,1008.9
10:46.9,2.615018088,73.54431847,71.49091402,-1.247254168,-75.41086277,-53.13543684,105.0587489,311.0215949,403.8039814,1008.27,1,1,11:00.4,1008.87
10:47.8,2.61167616,73.54140225,71.49257748,-1.244263935,-75.4122491,-53.13994973,105.0598785,311.0343187,403.8228714,1008.33,1,1,11:01.3,1008.9
10:48.8,2.615899958,73.54410713,71.48943712,-1.248208588,-75.40978072,-53.13371206,105.0574881,311.0154204,403.7953783,1008.28,1,1,11:02.3,1008.87
10:49.8,2.611265943,73.54061849,71.49267413,-1.243644127,-75.41207903,-53.14030234,105.0596691,311.0344993,403.8230388,1008.31,1,1,11:03.4,1008.89
10:50.9,2.615418615,73.54359474,71.48941273,-1.248075764,-75.41029011,-53.13460435,105.0579369,311.0185294,403.8000152,1008.29,1,1,11:10.4,1008.86
10:51.8,2.612362318,73.54128941,71.49178324,-1.244599357,-75.41108979,-53.13838572,105.0586389,311.0282118,403.8140982,1008.31,1,1,11:10.4,1008.86
10:52.9,2.614465705,73.54270417,71.49008316,-1.246981571,-75.41060112,-53.13586655,105.0582327,311.021797,403.8046523,1008.27,1,1,11:10.5,1008.85
10:53.9,2.612497382,73.54126537,71.49127034,-1.24508282,-75.41112822,-53.13824719,105.0585903,311.0281314,403.8142656,1008.26,1,1,11:10.5,1008.86
10:54.8,2.614410246,73.54193546,71.48891357,-1.247069396,-75.4089929,-53.13454811,105.0561684,311.0155656,403.7968927,1008.27,1,1,11:10.6,1008.87
10:55.8,2.613663489,73.54036164,71.48890095,-1.245767863,-75.40791383,-53.13454439,105.0548844,311.0128069,403.7930974,1008.31,-1,1,11:11.5,1008.86
10:56.8,2.606737476,73.51315819,71.45437265,-1.261370044,-75.39584727,-53.11986802,105.0438752,310.988292,403.7960978,1008.29,-1,1,11:11.5,1008.86
10:57.8,2.629957968,73.5816394,71.4580764,-1.356178015,-75.45301717,-53.00434938,105.2111372,310.8662997,403.1934224,1008.3,-1,1,11:11.5,1008.85
10:58.8,2.750509709,73.52902922,71.36177173,-1.355893291,-75.38389087,-52.9773156,105.1690929,310.8249124,403.2018151,1008.28,1,1,11:12.5,1008.87
10:59.8,2.771563166,73.56810923,71.38202328,-1.373477658,-75.42402735,-53.00125018,105.1863011,310.8613808,403.2094282,1008.3,1,1,11:12.5,1008.9
11:00.8,2.748402885,73.50032966,71.37873256,-1.279212935,-75.36839468,-53.11792209,105.0208125,310.989421,403.8203666,1008.3,1,1,11:13.6,1008.84
11:01.8,2.628406914,73.55422138,71.47543756,-1.279976298,-75.43777021,-53.14452927,105.0632891,311.0306137,403.8114663,1008.3,1,1,11:14.3,1008.84
11:02.9,2.613724899,73.54203595,71.49048582,-1.246300335,-75.41098696,-53.13694991,105.0585914,311.0249737,403.8092838,1008.26,1,1,11:16.1,1008.89
11:03.8,2.613054194,73.54149684,71.4905229,-1.245769678,-75.41060781,-53.13724346,105.0579815,311.0249384,403.809958,1008.26,1,1,11:16.4,1008.84
11:04.8,2.614424762,73.54153868,71.48861086,-1.246865448,-75.40823293,-53.13394965,105.0552954,311.0125367,403.7927539,1008.25,1,1,11:17.4,1008.82
11:05.9,2.613194468,73.53945383,71.48857559,-1.245431135,-75.40766491,-53.13483983,105.0544602,311.0128886,403.7935969,1008.24,1,1,11:19.4,1008.84
11:06.9,2.613662159,73.53898234,71.48732721,-1.24618217,-75.40713603,-53.13397455,105.0537595,311.0098204,403.789464,1008.27,1,1,11:19.5,1008.84
11:07.9,2.614138215,73.53903393,71.4870904,-1.246308538,-75.40664946,-53.13317543,105.0533301,311.0068203,403.784825,1008.27,1,1,11:20.3,1008.84
11:08.8,2.61290326,73.53844643,71.48836034,-1.245279819,-75.40834209,-53.13582641,105.055198,311.0162186,403.7978957,1008.26,1,1,11:21.3,1008.84
11:09.9,2.613655664,73.53962883,71.48807727,-1.246377376,-75.40866781,-53.13523834,105.0556089,311.0159554,403.7975576,1008.21,1,1,11:22.3,1008.86
11:10.8,2.613126807,73.5390044,71.48773272,-1.245920287,-75.40758285,-53.134795,105.0541614,311.0128068,403.7940996,1008.25,1,1,11:23.3,1008.84
11:11.9,2.615107721,73.53927174,71.4856619,-1.247207366,-75.40479908,-53.13064206,105.0511847,310.9974098,403.7720885,1008.23,1,1,11:24.3,1008.91
11:12.8,2.612163526,73.53641627,71.48729814,-1.244405494,-75.40644124,-53.13506814,105.0527501,311.0102571,403.7904723,1008.25,1,1,11:25.3,1008.91
11:13.8,2.614540861,73.5383088,71.48558741,-1.247130067,-75.4060752,-53.13234145,105.052518,311.0037531,403.7808576,1008.22,1,1,11:26.4,1008.87
11:14.8,2.61264308,73.53712022,71.48702485,-1.245160713,-75.40664354,-53.13468679,105.0529869,311.0100823,403.7903023,1008.23,1,1,11:28.2,1008.91
11:15.8,2.614484501,73.53812606,71.48530009,-1.247003205,-75.40525536,-53.13168925,105.0515142,311.0006247,403.7768928,1008.19,1,1,11:29.4,1008.92
11:16.8,2.612649539,73.53614293,71.48584695,-1.24517148,-75.40510187,-53.13342875,105.0510534,311.0039574,403.7823741,1008.2,1,1,11:29.5,1008.92
11:17.8,2.614624296,73.53660457,71.48348191,-1.247081083,-75.40303315,-53.12978997,105.0487624,310.991498,403.7648325,1008.21,1,1,11:30.3,1008.91
11:18.9,2.613257769,73.53493237,71.48425169,-1.245367138,-75.40317662,-53.13140722,105.0488489,310.9949489,403.7696389,1008.26,1,1,11:31.5,1008.91
11:19.8,2.614127702,73.5359563,71.4844107,-1.246302209,-75.40441819,-53.13161576,105.050498,310.9980157,403.7729266,1008.23,1,1,11:32.6,1008.93
11:20.8,2.612219663,73.53593761,71.48672991,-1.244944396,-75.40724142,-53.13573181,105.0535859,311.0134057,403.7947679,1008.21,1,1,11:33.4,1008.95
11:21.9,2.614281644,73.53808867,71.48526147,-1.247212698,-75.40588397,-53.13237066,105.0521371,311.003641,403.7813584,1008.23,1,1,11:34.4,1008.98
11:22.8,2.614091911,73.53740773,71.48535695,-1.246186006,-75.40430416,-53.13135172,105.0504123,310.997669,403.7729246,1008.23,1,1,11:35.4,1008.97
11:23.9,2.613055242,73.53619881,71.48581343,-1.245359774,-75.40535173,-53.13333604,105.0514892,311.0040747,403.7818633,1008.25,1,1,11:36.4,1008.95
11:24.9,2.614005079,73.53734598,71.48559913,-1.246445401,-75.40582089,-53.13274732,105.0521699,311.0039218,403.7811876,1008.26,1,1,11:37.7,1008.92
11:25.8,2.613327183,73.53765122,71.48697715,-1.245691396,-75.4070127,-53.13438319,105.0535969,311.0101069,403.78962,1008.26,1,1,11:38.3,1008.89
11:26.8,2.613533857,73.53859543,71.48743274,-1.246102102,-75.40785057,-53.13479057,105.0546166,311.0130279,403.7935828,1008.3,1,1,11:39.3,1008.85
11:27.8,2.614220961,73.53991943,71.48807593,-1.246433218,-75.40820849,-53.13438977,105.0552911,311.0129353,403.7927385,1008.3,1,1,11:40.4,1008.83
11:28.8,2.612787719,73.53995321,71.49015934,-1.24520187,-75.4105461,-53.1377075,105.0579498,311.0253261,403.8099413,1008.26,1,1,,
11:29.8,2.613342696,73.54117102,71.4898075,-1.246311548,-75.41072847,-53.13711992,105.0580911,311.0249526,403.8099406,1008.29,1,1,,
11:30.8,2.614859965,73.54204079,71.48881939,-1.247060206,-75.40844181,-53.13374549,105.0557118,311.0125258,403.7922303,1008.29,1,1,,
11:31.8,2.612738177,73.54009703,71.49029448,-1.244868918,-75.40973106,-53.13704462,105.0570299,311.0221824,403.8058071,1008.32,1,1,,
11:32.8,2.614227371,73.54174083,71.48980025,-1.246632735,-75.4104707,-53.13613657,105.0580782,311.0219628,403.8047941,1008.32,1,1,,
11:33.9,2.613006631,73.54193944,71.49175219,-1.245404353,-75.41214366,-53.13868202,105.0600106,311.0312349,403.817696,1008.33,1,1,,
11:34.8,2.613965139,73.54354529,71.4917964,-1.246496388,-75.41258747,-53.13799765,105.0606718,311.0309704,403.8170204,1008.35,1,1,,
11:35.8,2.613700148,73.54411141,71.49294689,-1.245945734,-75.413227,-53.13877494,105.0615386,311.03405,403.8209832,1008.36,1,1,,
11:36.8,2.613425948,73.54474046,71.49396806,-1.24580513,-75.41461262,-53.1401522,105.0631946,311.0401644,403.8292468,1008.31,1,1,,
11:37.8,2.613019316,73.54653367,71.49861704,-1.241817011,-75.42083504,-53.16293248,105.0338354,311.0273968,403.8427873,1008.29,-1,1,,
11:38.8,2.550755638,73.3121011,71.28586918,-0.828416667,-74.09481778,-51.84057071,104.8271896,309.2086012,402.5080743,1008.38,-1,1,,
11:39.8,1.157517936,75.53054625,73.67847488,-3.273620654,-79.60055866,-52.56230979,111.2072058,313.368051,395.345625,1008.39,-1,1,,
11:40.9,9.522773148,50.75214901,42.33338257,-12.07939867,-65.80369836,-39.33279714,110.4809313,310.290337,404.7558957,1008.35,-1,1,,
11:41.9,6.572206637,81.96734522,76.82247339,-3.590449787,-81.16254459,-52.80343777,116.6538428,329.2116604,418.1554274,1008.31,-1,1,,
