Time,GyroX,GyroY,GyroZ,AcceX,AcceY,AcceZ,MagnX,MagnY,MagnZ,Baro,Result,TrueResult
52:45.1,0.022114842,0.029753817,-0.069292366,-0.253993462,-0.248937953,0.206505811,23.68,39.87,63.41,1015.03,1,1
52:46.2,14.58124766,16.4762615,7.181855184,-5.181023478,-6.24016325,5.225350512,23.68,39.87,63.41,1015.02,1,1
52:47.2,-0.472157921,39.27543247,65.24206338,16.92985034,-66.70510281,-53.08763196,23.68,39.87,63.41,1015.04,1,1
52:48.2,28.46429275,85.2804876,62.48589139,-16.53893512,-77.38651024,-32.35457345,23.68,39.87,63.41,1014.99,1,1
52:49.2,23.34845873,94.81194561,81.00432567,-2.700646034,-74.039443,-35.1388069,23.68,39.87,63.41,1015.03,1,1
52:50.2,23.35132642,94.81356933,81.00204976,-2.703095754,-74.03706267,-35.13400575,23.68,39.87,63.41,1015.04,1,1
52:51.2,23.34859395,94.81146446,81.00443669,-2.700082098,-74.03882849,-35.13832584,23.68,39.87,63.41,1015.08,1,1
52:52.1,23.35021518,94.81367146,81.0043135,-2.702114744,-74.04039662,-35.13794715,23.68,39.87,63.41,1015.04,1,1
52:53.1,23.34831913,94.81372162,81.0065974,-2.700559512,-74.04244292,-35.14137731,23.68,39.87,63.41,1015.05,1,1
52:54.2,23.35085597,94.81592503,81.00489309,-2.702954208,-74.0405998,-35.1372179,23.68,39.87,63.41,1015.01,1,1
52:55.2,23.34861719,94.8136183,81.00579691,-2.700509177,-74.04025259,-35.13921591,23.68,39.87,63.41,1015.06,1,1
52:56.2,23.35119893,94.8146954,81.00356698,-2.702813965,-74.03852659,-35.1353082,23.68,39.87,63.41,1015.04,1,1
52:57.2,23.34805654,94.8124611,81.00601661,-2.699809408,-74.04081365,-35.14040105,23.68,39.87,63.41,1015.02,1,1
52:58.2,23.35010089,94.81421599,81.00416009,-2.702481194,-74.04022748,-35.13773567,23.68,39.87,63.41,1015.05,1,1
52:59.2,23.3503206,94.81418596,81.00432201,-2.701861735,-74.03884705,-35.13644836,23.68,39.87,63.41,1015.04,1,1
53:00.2,23.3487411,94.81287044,81.00535239,-2.700561206,-74.04037583,-35.13934225,23.68,39.87,63.41,1015.04,1,1
53:01.2,23.3500363,94.81415959,81.00449544,-2.702133203,-74.04022044,-35.13784452,23.68,39.87,63.41,1015.04,1,1
53:02.2,23.34956866,94.81391239,81.0050247,-2.701384369,-74.03999031,-35.13812774,23.68,39.87,63.41,1015.06,1,1
53:03.2,23.34990568,94.81418095,81.00500483,-2.701649722,-74.04017866,-35.1379797,23.68,39.87,63.41,1015.04,1,1
53:04.2,23.3489511,94.81381265,81.00580534,-2.700971936,-74.04121121,-35.1397471,23.68,39.87,63.41,1014.99,1,1
53:05.1,23.34950737,94.81392306,81.00444217,-2.701879919,-74.03988459,-35.13798895,23.68,39.87,63.41,1015.03,1,1
53:06.2,23.3510844,94.81386689,81.00272838,-2.702553699,-74.03690714,-35.13409454,23.68,39.87,63.41,1015,1,1
53:07.1,23.34806962,94.81076118,81.00411439,-2.699822382,-74.03850806,-35.13855599,23.68,39.87,63.41,1015,1,1
53:08.2,23.35051832,94.81231805,81.00177172,-2.702691039,-74.0373949,-35.13512775,23.68,39.87,63.41,1015.03,1,1
53:09.1,23.34984426,94.81171197,81.00272674,-2.701316896,-74.03711449,-35.13566893,23.68,39.87,63.41,1015,1,1
53:10.2,23.34860667,94.81092848,81.00340843,-2.700706606,-74.03877036,-35.13824401,23.68,39.87,63.41,1015,1,1
53:11.2,23.35045667,94.81239324,81.00194229,-2.702555617,-74.03735689,-35.13515068,23.68,39.87,63.41,1014.97,1,1
53:12.2,23.34903468,94.81067091,81.00226155,-2.70092725,-74.0366511,-35.13603159,23.68,39.87,63.41,1014.98,1,1
53:13.1,23.35039315,94.81064412,81.00038493,-2.702220565,-74.03505328,-35.1334236,23.68,39.87,63.41,1014.99,1,1
53:14.2,23.34936549,94.80937259,81.00097091,-2.700984425,-74.03535492,-35.13480786,23.68,39.87,63.41,1015,1,1
53:15.1,23.34962844,94.80978107,81.00099481,-2.701524311,-74.03625376,-35.13528533,23.68,39.87,63.41,1014.96,1,1
53:16.1,23.3489543,94.80963184,81.00132584,-2.701197403,-74.0366262,-35.13616922,23.68,39.87,63.41,1014.99,1,1
53:17.2,23.35094025,94.81074824,80.99980766,-2.702694916,-74.03456887,-35.13251071,23.68,39.87,63.41,1014.99,1,1
53:18.1,23.34875354,94.80888158,81.0014559,-2.700368183,-74.03582258,-35.13583532,23.68,39.87,63.41,1015,1,1
53:19.1,23.34997181,94.81017895,81.00080745,-2.702002066,-74.03640856,-35.13504904,23.68,39.87,63.41,1015.01,1,1
53:20.2,23.3495712,94.81057213,81.00188097,-2.701386576,-74.03697137,-35.13588709,23.68,39.87,63.41,1015,1,1
53:21.2,23.34936843,94.81086544,81.00227013,-2.701390065,-74.03760985,-35.13656279,23.68,39.87,63.41,1015.01,1,1
53:22.2,23.35005649,94.81160335,81.00203099,-2.701935779,-74.03717931,-35.13549581,23.68,39.87,63.41,1015.03,1,1
53:23.1,23.34964736,94.81153765,81.00284586,-2.701313856,-74.03776743,-35.13642956,23.68,39.87,63.41,1014.97,1,1
53:24.2,23.34848967,94.81087738,81.00315424,-2.700854136,-74.03865091,-35.13820739,23.68,39.87,63.41,1015.02,1,1
53:25.1,23.35170529,94.81283921,81.000824,-2.703371847,-74.03568284,-35.13257308,23.68,39.87,63.41,1015,1,1
53:26.2,23.34795007,94.8097263,81.00346807,-2.699546993,-74.03768907,-35.13810661,23.68,39.87,63.41,1015.01,1,1
53:27.3,23.35053072,94.81184662,81.00149654,-2.702684622,-74.03740448,-35.13520757,23.68,39.87,63.41,1014.98,1,1
53:28.2,23.3489105,94.8107456,81.00262921,-2.700853713,-74.03734369,-35.13675515,23.68,39.87,63.41,1014.98,1,1
53:29.1,23.35034256,94.8111004,81.00083796,-2.702288883,-74.03575605,-35.13402603,23.68,39.87,63.41,1014.98,1,1
53:30.2,23.34945677,94.80974355,81.00104229,-2.701126318,-74.03535186,-35.13467337,23.68,39.87,63.41,1015.02,1,1
53:31.2,23.35019457,94.81020437,81.00083034,-2.701792583,-74.035765,-35.13435257,23.68,39.87,63.41,1015.04,1,1
53:32.2,23.34909732,94.81050729,81.00289469,-2.700826559,-74.03829173,-35.13752308,23.68,39.87,63.41,1014.99,1,1
53:33.2,23.34883212,94.81153063,81.00342131,-2.701323392,-74.03958428,-35.13864285,23.68,39.87,63.41,1014.98,1,1
53:34.2,23.35069769,94.81267398,81.00162577,-2.70277099,-74.03664212,-35.1342735,23.68,39.87,63.41,1014.97,1,1
53:35.2,23.34940599,94.81027608,81.00146964,-2.700997277,-74.03528684,-35.13459901,23.68,39.87,63.41,1015,1,1
53:36.1,23.35020662,94.80994235,81.00036709,-2.701801161,-74.03497815,-35.13367238,23.68,39.87,63.41,1015.01,1,1
53:37.1,23.34910712,94.80952797,81.00171415,-2.700837309,-74.03674757,-35.13626257,23.68,39.87,63.41,1015.02,1,1
53:38.2,23.3497881,94.81104615,81.00206308,-2.701790839,-74.03782046,-35.13637599,23.68,39.87,63.41,1014.99,1,1
53:39.1,23.34911956,94.8112244,81.00281754,-2.701258,-74.03819866,-35.13724993,23.68,39.87,63.41,1015.01,1,1
53:40.2,23.35062779,94.81215675,81.00169994,-2.702416512,-74.03665791,-35.13447561,23.68,39.87,63.41,1014.99,1,1
53:41.1,23.34878635,94.81043233,81.00270563,-2.700576275,-74.03728716,-35.13689109,23.68,39.87,63.41,1015,1,1
53:42.2,23.35035041,94.81135031,81.00128545,-2.702280213,-74.03652796,-35.13469135,23.68,39.87,63.41,1014.98,1,1
53:43.1,23.34906036,94.8101914,81.00197586,-2.700920794,-74.03665076,-35.13610152,23.68,39.87,63.41,1015.02,1,1
53:44.2,23.350692,94.81122816,81.00097074,-2.70234168,-74.03596381,-35.13395226,23.68,39.87,63.41,1015.03,1,1
53:45.2,23.34884631,94.81047967,81.00315258,-2.700490648,-74.03813305,-35.13762413,23.68,39.87,63.41,1015.01,1,1
53:46.2,23.34945984,94.81187887,81.00308631,-2.701727174,-74.03913361,-35.13768711,23.68,39.87,63.41,1015.02,1,1
53:47.2,23.3502954,94.81285879,81.00288893,-2.702140407,-74.03800293,-35.13587335,23.68,39.87,63.41,1015.04,1,1
53:48.2,23.34961229,94.8123153,81.00371447,-2.70117611,-74.03846844,-35.13701466,23.68,39.87,63.41,1015.04,1,1
53:49.2,23.34933252,94.81261693,81.00431218,-2.701241524,-74.03984833,-35.1384018,23.68,39.87,63.41,1015.02,1,1
53:50.2,23.34954563,94.81330258,81.00430898,-2.701660868,-74.03990354,-35.13813309,23.68,39.87,63.41,1015,1,1
53:51.1,23.3498306,94.81313108,81.00354469,-2.701807954,-74.038491,-35.13665847,23.68,39.87,63.41,1015.02,1,1
53:52.2,23.35023945,94.81254245,81.00276375,-2.701800978,-74.03721155,-35.13530455,23.68,39.87,63.41,1015.05,1,1
53:53.2,23.34954422,94.81193033,81.00362474,-2.701034203,-74.0384541,-35.13713169,23.68,39.87,63.41,1015.03,1,1
53:54.2,23.34892513,94.81235266,81.00453534,-2.701038106,-74.04039644,-35.13925628,23.68,39.87,63.41,1015,1,1
53:55.2,23.34989649,94.81344134,81.00366199,-2.702147306,-74.03927488,-35.13721985,23.68,39.87,63.41,1015.03,1,1
53:56.2,23.35058842,94.81326781,81.00299982,-2.702072795,-74.03737208,-35.13505827,23.68,39.87,63.41,1014.99,1,1
53:57.2,23.34832848,94.81095503,81.0038096,-2.700235123,-74.03854783,-35.13834228,23.68,39.87,63.41,1015,1,1
53:58.1,23.35085116,94.81237223,81.00142324,-2.702829443,-74.03672434,-35.13428841,23.68,39.87,63.41,1015.02,1,1
53:59.2,23.34949025,94.81102733,81.00261643,-2.700909402,-74.03687349,-35.13589587,23.68,39.87,63.41,1015,1,1
54:00.1,23.3490693,94.81082859,81.00271371,-2.701116029,-74.03817097,-35.13735366,23.68,39.87,63.41,1015,1,1
54:01.2,23.35023813,94.81188175,81.00190907,-2.702213061,-74.03719273,-35.13531679,23.68,39.87,63.41,1015,1,1
54:02.1,23.34956142,94.81107982,81.00227587,-2.701257465,-74.03687563,-35.13578199,23.68,39.87,63.41,1015,1,1
54:03.2,23.34969243,94.81092485,81.00192864,-2.701528355,-74.03694586,-35.13573022,23.68,39.87,63.41,1015.01,1,1
54:04.2,23.34982899,94.81109746,81.00200489,-2.701593362,-74.03702188,-35.13566846,23.68,39.87,63.41,1015.03,1,1
54:05.2,23.34975879,94.81143234,81.0026359,-2.701449221,-74.03776811,-35.1363692,23.68,39.87,63.41,1015,1,1
54:06.1,23.3489427,94.81136867,81.00334866,-2.701048878,-74.03884648,-35.1379899,23.68,39.87,63.41,1015.05,1,1
54:07.2,23.3511313,94.81329838,81.00245173,-2.702744564,-74.0376588,-35.13482546,23.68,39.87,63.41,1014.96,1,1
54:08.2,23.34724941,94.81040695,81.00452433,-2.699492413,-74.03949534,-35.14016223,23.68,39.87,63.41,1015.04,1,1
54:09.2,23.35298028,94.814045,81.00026729,-2.704595699,-74.03548713,-35.13115099,23.68,39.87,63.41,1015,1,1
54:10.2,23.34691032,94.80935185,81.00474201,-2.69838567,-74.0386458,-35.13997508,23.68,39.87,63.41,1015.01,1,1
54:11.2,23.35119239,94.81269544,81.00126342,-2.70350469,-74.03764868,-35.13473045,23.68,39.87,63.41,1015.03,1,1
54:12.2,23.34950684,94.81173599,81.00332239,-2.700907236,-74.03762004,-35.13646538,23.68,39.87,63.41,1015.03,1,1
54:13.2,23.34935693,94.81188344,81.00357378,-2.701243637,-74.03907106,-35.13780151,23.68,39.87,63.41,1015.09,1,1
54:14.2,23.35065399,94.81395436,81.00418725,-2.702182426,-74.0397407,-35.13704595,23.68,39.87,63.41,1015.02,1,1
54:15.2,23.34752268,94.81283181,81.00685978,-2.699813156,-74.0426921,-35.14246168,23.68,39.87,63.41,1015.01,1,1
54:16.1,23.35142852,94.81559926,81.00337341,-2.703720069,-74.03919563,-35.13551362,23.68,39.87,63.41,1014.99,1,1
54:17.2,23.34919365,94.81238095,81.00385416,-2.700654694,-74.03737607,-35.13641714,23.68,39.87,63.41,1015.02,1,1
54:18.1,23.35046644,94.81190382,81.00192758,-2.702003597,-74.03654506,-35.13461619,23.68,39.87,63.41,1015.02,1,1
54:19.2,23.34895755,94.81083841,81.00320815,-2.70063241,-74.03811501,-35.13747479,23.68,39.87,63.41,1015.05,1,1
54:20.1,23.35031684,94.81263651,81.00306028,-2.702125333,-74.0387836,-35.13661768,23.68,39.87,63.41,1014.99,1,1
54:21.1,23.34828318,94.81179604,81.00454967,-2.700507304,-74.0399957,-35.13952836,23.68,39.87,63.41,1015.04,1,1
54:22.2,23.35183768,94.81415854,81.00203563,-2.703502796,-74.03718575,-35.13366102,23.68,39.87,63.41,1015.02,1,1
54:23.1,23.3480175,94.81112286,81.00485289,-2.69954259,-74.03915651,-35.13921996,23.68,39.87,63.41,1015.01,1,1
54:24.2,23.35032726,94.81289662,81.00272708,-2.702550207,-74.0387182,-35.13644276,23.68,39.87,63.41,1014.99,1,1
54:25.2,23.34952711,94.81199027,81.00298141,-2.701332213,-74.03754729,-35.13628292,23.68,39.87,63.41,1014.98,1,1
54:26.2,23.34993339,94.81120571,81.00161217,-2.701743799,-74.03623114,-35.13485299,23.68,39.87,63.41,1015.04,1,1
54:27.1,23.35060684,94.81122201,81.00144416,-2.701858158,-74.035888,-35.13405333,23.68,39.87,63.41,1015.04,1,1
54:28.2,23.34840972,94.81052542,81.00397432,-2.700142971,-74.03939665,-35.13914865,23.68,39.87,63.41,1015,1,1
54:29.2,23.34957749,94.81262183,81.00342806,-2.702072915,-74.03985985,-35.13812041,23.68,39.87,63.41,1015.01,1,1
54:30.2,23.35069397,94.81329935,81.00263204,-2.702420685,-74.03734842,-35.13491872,23.68,39.87,63.41,1015.05,1,1
54:31.2,23.34979887,94.81206954,81.0034599,-2.70103705,-74.03775787,-35.13632789,23.68,39.87,63.41,1015.05,1,1
54:32.2,23.34896426,94.81219568,81.00466685,-2.700825529,-74.04039589,-35.13931054,23.68,39.87,63.41,1015.03,1,1
54:33.1,23.3497253,94.8138369,81.00464233,-2.70192959,-74.04069632,-35.13862675,23.68,39.87,63.41,1015.02,1,1
54:34.2,23.35001587,94.81399269,81.00430146,-2.701870548,-74.03928942,-35.13714232,23.68,39.87,63.41,1015.02,1,1
54:35.2,23.34981135,94.81304724,81.00384418,-2.701459877,-74.03844994,-35.13673326,23.68,39.87,63.41,1015.06,1,1
54:36.2,23.35021039,94.81310715,81.00381592,-2.701648194,-74.03870481,-35.13664557,23.68,39.87,63.41,1015.03,1,1
54:37.2,23.34850056,94.8124673,81.00532174,-2.700493057,-74.04088311,-35.14009482,23.68,39.87,63.41,1015.04,1,1
54:38.2,23.35076006,94.81458287,81.00392198,-2.702749271,-74.039669,-35.13673317,23.68,39.87,63.41,1015.04,1,1
54:39.2,23.34933721,94.81344654,81.00512349,-2.700906281,-74.03975161,-35.13828025,23.68,39.87,63.41,1014.99,1,1
54:40.1,23.34912961,94.81282661,81.00420705,-2.701330472,-74.03959607,-35.13829966,23.68,39.87,63.41,1014.99,1,1
54:41.2,23.35077751,94.81295628,81.00199046,-2.702564725,-74.03659217,-35.13420808,23.68,39.87,63.41,1015,1,1
54:42.2,23.34954425,94.81073999,81.00212001,-2.700917971,-74.03605517,-35.13518407,23.68,39.87,63.41,1015.01,1,1
54:43.2,23.34966322,94.8105163,81.00180814,-2.701386368,-74.03690241,-35.13581814,23.68,39.87,63.41,1015,1,1
54:44.2,23.34946046,94.8108096,81.0021973,-2.701389832,-74.03754087,-35.13649386,23.68,39.87,63.41,1015,1,1
54:45.2,23.35001295,94.81137445,81.00188114,-2.701870647,-74.03703358,-35.13548773,23.68,39.87,63.41,1015.03,1,1
54:46.2,23.35008164,94.81149255,81.00229533,-2.701587592,-74.037105,-35.13553738,23.68,39.87,63.41,1015.02,1,1
54:47.2,23.34898514,94.81120967,81.00347755,-2.70083627,-74.03884342,-35.13804168,23.68,39.87,63.41,1015.02,1,1
54:48.1,23.35015048,94.81265299,81.00296692,-2.702137296,-74.03861693,-35.13659496,23.68,39.87,63.41,1015.02,1,1
54:49.1,23.34968282,94.81240577,81.00349619,-2.701388422,-74.0383868,-35.13687824,23.68,39.87,63.41,1015.04,1,1
54:50.2,23.35001976,94.81267442,81.00347639,-2.701653791,-74.03857518,-35.13673019,23.68,39.87,63.41,1015,1,1
54:51.2,23.3487942,94.81195982,81.00412273,-2.700846176,-74.03945414,-35.13861927,23.68,39.87,63.41,1015,1,1
54:52.2,23.35071271,94.81295724,81.00218936,-2.702626687,-74.03732447,-35.13491031,23.68,39.87,63.41,1015.02,1,1
54:53.1,23.34975912,94.81154595,81.00273158,-2.701116179,-74.03691572,-35.13566894,23.68,39.87,63.41,1015.02,1,1
54:54.2,23.34933522,94.8112156,81.00299365,-2.701110174,-74.03824411,-35.13721267,23.68,39.87,63.41,1014.99,1,1
54:55.2,23.34947771,94.81165113,81.00274026,-2.701600152,-74.03825813,-35.13697926,23.68,39.87,63.41,1014.99,1,1
54:56.2,23.35037607,94.8118365,81.0016523,-2.702151005,-74.03640564,-35.13455967,23.68,39.87,63.41,1015.01,1,1
54:57.2,23.3498263,94.81074881,81.00183756,-2.70125382,-74.03619059,-35.13505975,23.68,39.87,63.41,1015,1,1
54:58.1,23.34920201,94.81032242,81.00219568,-2.701047461,-74.03740666,-35.13668979,23.68,39.87,63.41,1015.01,1,1
54:59.1,23.35022886,94.81146109,81.0017728,-2.702071012,-74.03713435,-35.13538981,23.68,39.87,63.41,1015.02,1,1
55:00.3,23.34961921,94.8112994,81.00268384,-2.701248642,-74.0376101,-35.13640992,23.68,39.87,63.41,1015.02,1,1
55:01.1,23.34961689,94.81168881,81.0029769,-2.701452626,-74.03836099,-35.13699922,23.68,39.87,63.41,1015.02,1,1
55:02.2,23.34982714,94.81224276,81.00313842,-2.701659322,-74.03844707,-35.13681646,23.68,39.87,63.41,1015.07,1,1
55:03.1,23.35044068,94.8131852,81.00369622,-2.701848613,-74.03879481,-35.13653676,23.68,39.87,63.41,1015.02,1,1
55:04.2,23.34805259,94.81226531,81.00569879,-2.700154051,-74.04137739,-35.1409566,23.68,39.87,63.41,1015.04,1,1
55:05.1,23.3514062,94.81505327,81.00340994,-2.703365562,-74.03917577,-35.13567996,23.68,39.87,63.41,1014.97,1,1
55:06.2,23.34807973,94.81181557,81.00474407,-2.699973806,-74.0390334,-35.13891696,23.68,39.87,63.41,1015.01,1,1
55:07.1,23.35189181,94.8131524,81.00082001,-2.703513517,-74.03560839,-35.1323672,23.68,39.87,63.41,1014.99,1,1
55:08.1,23.34820498,94.80957237,81.00299696,-2.699620289,-74.03689854,-35.13728503,23.68,39.87,63.41,1014.95,1,1
55:09.1,23.34989911,94.81027201,81.00047751,-2.702226383,-74.0361429,-35.13487238,23.68,39.87,63.41,1015,1,1
55:10.2,23.35113943,94.81053253,80.99966489,-2.702420178,-74.03376463,-35.13179134,23.68,39.87,63.41,1015.01,1,1
55:11.1,23.34859832,94.80858647,81.00182629,-2.700016942,-74.03638882,-35.13662509,23.68,39.87,63.41,1015,1,1
55:12.2,23.34975116,94.81048242,81.00148014,-2.701931689,-74.03765988,-35.13636868,23.68,39.87,63.41,1014.98,1,1
55:13.2,23.3497729,94.81100942,81.0017025,-2.701740747,-74.03685678,-35.13558619,23.68,39.87,63.41,1014.99,1,1
55:14.2,23.35025537,94.81080242,81.0010069,-2.701875713,-74.03558755,-35.13411106,23.68,39.87,63.41,1014.98,1,1
55:15.1,23.34929566,94.8095853,81.00125486,-2.700987635,-74.03589378,-35.13538392,23.68,39.87,63.41,1014.96,1,1
55:16.2,23.34977193,94.80957255,81.00026509,-2.701745014,-74.03533955,-35.13442304,23.68,39.87,63.41,1014.96,1,1
55:17.2,23.35011879,94.80919262,80.99949252,-2.701815161,-74.03399361,-35.13300868,23.68,39.87,63.41,1015,1,1
55:18.2,23.35017894,94.80885184,80.99964808,-2.701525634,-74.0340903,-35.13315403,23.68,39.87,63.41,1014.98,1,1
55:19.2,23.34866954,94.80830806,81.00105782,-2.700570921,-74.03638097,-35.13651693,23.68,39.87,63.41,1014.98,1,1
55:20.2,23.35045119,94.81023982,81.00005876,-2.702488243,-74.03568356,-35.13403939,23.68,39.87,63.41,1014.98,1,1
55:21.2,23.34964466,94.80959192,81.00077183,-2.701261565,-74.03529528,-35.13455567,23.68,39.87,63.41,1015.01,1,1
55:22.2,23.35018211,94.80995656,81.00065589,-2.701727342,-74.03559598,-35.13432126,23.68,39.87,63.41,1014.99,1,1
55:23.2,23.34888517,94.8095776,81.00193418,-2.700775595,-74.03722204,-35.13691193,23.68,39.87,63.41,1015,1,1
55:24.2,23.35052836,94.81120474,81.00102286,-2.702415497,-74.03647883,-35.13458108,23.68,39.87,63.41,1015.01,1,1
55:25.2,23.3495799,94.81064226,81.00211763,-2.701115282,-74.03679641,-35.13583426,23.68,39.87,63.41,1015.02,1,1
55:26.2,23.34977797,94.8111277,81.00231465,-2.701519587,-74.03765961,-35.13633728,23.68,39.87,63.41,1015,1,1
55:27.2,23.34937477,94.81132492,81.00279988,-2.70132262,-74.03818571,-35.13709938,23.68,39.87,63.41,1015,1,1
55:28.2,23.35026961,94.81190042,81.00200595,-2.702077396,-74.03708492,-35.13526999,23.68,39.87,63.41,1015.01,1,1
55:29.2,23.34979336,94.81119444,81.00227663,-2.701322129,-74.03688013,-35.13564889,23.68,39.87,63.41,1015,1,1
55:30.1,23.34944648,94.81085578,81.00233013,-2.701254238,-74.03746713,-35.13648118,23.68,39.87,63.41,1015,1,1
55:31.2,23.35006388,94.81134352,81.00184083,-2.701870492,-74.03699539,-35.13544959,23.68,39.87,63.41,1014.97,1,1
55:32.2,23.34931956,94.8104228,81.00179257,-2.701197924,-74.03660604,-35.13586432,23.68,39.87,63.41,1015,1,1
55:33.2,23.35081919,94.81089639,81.00041639,-2.702350051,-74.03509064,-35.13318566,23.68,39.87,63.41,1014.98,1,1
55:34.2,23.34870039,94.8090841,81.00172665,-2.70037126,-74.03634887,-35.13639894,23.68,39.87,63.41,1015.01,1,1
55:35.1,23.35080936,94.8108263,81.00045002,-2.70254752,-74.03586598,-35.13386988,23.68,39.87,63.41,1015.01,1,1
55:36.2,23.34904068,94.81006933,81.00242329,-2.700634397,-74.03729373,-35.13683048,23.68,39.87,63.41,1015.01,1,1
55:37.1,23.34999348,94.81134795,81.00204417,-2.701932521,-74.03773191,-35.13615596,23.68,39.87,63.41,1014.99,1,1
55:38.1,23.34952885,94.81123208,81.00240856,-2.701396097,-74.03747074,-35.13635343,23.68,39.87,63.41,1015.02,1,1
55:39.2,23.35062107,94.8117723,81.00168344,-2.702138832,-74.03651335,-35.13452348,23.68,39.87,63.41,1015.05,1,1
55:40.2,23.34945369,94.81130359,81.00336846,-2.70082707,-74.03827823,-35.13722492,23.68,39.87,63.41,1015.04,1,1
55:41.2,23.34924407,94.81237686,81.00434548,-2.701238261,-74.04041997,-35.13908108,23.68,39.87,63.41,1015.06,1,1
55:42.2,23.35048563,94.81439776,81.00450848,-2.70226266,-74.04024037,-35.13758913,23.68,39.87,63.41,1015.07,1,1
55:43.2,23.34946877,94.81430241,81.00607038,-2.701030834,-74.04127405,-35.13945802,23.68,39.87,63.41,1015.03,1,1
55:44.1,23.34919841,94.81447692,81.00604447,-2.701317359,-74.04184029,-35.14008329,23.68,39.87,63.41,1015.04,1,1
55:45.2,23.35084849,94.81532396,81.00454524,-2.702549439,-74.03959373,-35.13657207,23.68,39.87,63.41,1015.01,1,1
55:46.2,23.34893994,94.81295924,81.00500673,-2.700575858,-74.03943006,-35.1384327,23.68,39.87,63.41,1015.04,1,1
55:47.2,23.35090832,94.81367936,81.00310042,-2.702476817,-74.03814396,-35.13546998,23.68,39.87,63.41,1015,1,1
55:48.2,23.34845361,94.81159783,81.00442967,-2.70023267,-74.03921302,-35.13883048,23.68,39.87,63.41,1015.02,1,1
55:49.1,23.35111178,94.8131882,81.00212039,-2.702891922,-74.03746633,-35.13471575,23.68,39.87,63.41,1015.03,1,1
55:50.2,23.34927302,94.81165948,81.00371428,-2.700632989,-74.03813217,-35.13720733,23.68,39.87,63.41,1015.03,1,1
55:51.2,23.34973937,94.81229549,81.00347729,-2.701585773,-74.03911235,-35.13751259,23.68,39.87,63.41,1015.02,1,1
55:52.2,23.34974914,94.8127535,81.00373493,-2.701592164,-74.03908615,-35.1374161,23.68,39.87,63.41,1015.03,1,1
55:53.2,23.35016318,94.81301374,81.0035065,-2.701795567,-74.03853306,-35.13655664,23.68,39.87,63.41,1015.01,1,1
55:54.2,23.34927699,94.81217831,81.0038399,-2.701049391,-74.03884951,-35.13770833,23.68,39.87,63.41,1015,1,1
55:55.2,23.35016619,94.81242649,81.00262256,-2.702010224,-74.03774305,-35.13588879,23.68,39.87,63.41,1014.98,1,1
55:56.2,23.34962581,94.81121169,81.00218421,-2.701334126,-74.03671434,-35.135627,23.68,39.87,63.41,1015.01,1,1
55:57.2,23.350574,94.81111986,81.00112337,-2.702005474,-74.03570545,-35.13395362,23.68,39.87,63.41,1014.99,1,1
55:58.2,23.34879408,94.80970826,81.00224982,-2.70050452,-74.03712185,-35.13693387,23.68,39.87,63.41,1015.03,1,1
55:59.2,23.35097361,94.8117007,81.00122343,-2.702610201,-74.03668018,-35.13436945,23.68,39.87,63.41,1015,1,1
56:00.2,23.34845612,94.81041362,81.00344321,-2.700228381,-74.03847103,-35.13833583,23.68,39.87,63.41,1015,1,1
56:01.2,23.35070998,94.81220187,81.00162005,-2.702690651,-74.03725125,-35.13498403,23.68,39.87,63.41,1015,1,1
56:02.2,23.34962949,94.8110762,81.00234378,-2.701121622,-74.03674036,-35.13570786,23.68,39.87,63.41,1014.98,1,1
56:03.1,23.3495544,94.81049796,81.00166925,-2.701398254,-74.03669263,-35.13575224,23.68,39.87,63.41,1014.98,1,1
56:04.2,23.35024019,94.81051858,81.00071284,-2.701946118,-74.03550478,-35.13410493,23.68,39.87,63.41,1014.98,1,1
56:05.2,23.34969332,94.80956246,81.00073333,-2.701261486,-74.0352588,-35.13451914,23.68,39.87,63.41,1014.98,1,1
56:06.2,23.34982435,94.80940752,81.00038608,-2.701532431,-74.03532905,-35.13446732,23.68,39.87,63.41,1014.96,1,1
56:07.2,23.34955448,94.80906054,81.00023102,-2.701402575,-74.0351746,-35.13458818,23.68,39.87,63.41,1015.02,1,1
56:08.1,23.35105326,94.81012014,80.99973709,-2.702340094,-74.03444762,-35.1325757,23.68,39.87,63.41,1014.96,1,1
56:09.2,23.34763935,94.80806099,81.00216172,-2.699621985,-74.03730172,-35.13829471,23.68,39.87,63.41,1014.96,1,1
56:10.1,23.35146814,94.81083689,80.99888396,-2.703590927,-74.03454673,-35.13205799,23.68,39.87,63.41,1014.94,1,1
56:11.2,23.34916495,94.8080856,80.99983176,-2.700593902,-74.03344322,-35.13357724,23.68,39.87,63.41,1015,1,1
56:12.2,23.35105326,94.80868281,80.99829893,-2.702344447,-74.03292964,-35.13141165,23.68,39.87,63.41,1014.99,1,1
56:13.2,23.34831691,94.80748938,81.0011089,-2.699951007,-74.03616774,-35.13682635,23.68,39.87,63.41,1014.95,1,1
56:14.2,23.34989204,94.80951925,80.99991164,-2.702290342,-74.03607294,-35.13494938,23.68,39.87,63.41,1015,1,1
56:15.2,23.35127647,94.81041172,80.99943467,-2.702555524,-74.03374616,-35.1317118,23.68,39.87,63.41,1014.98,1,1
56:16.2,23.34826392,94.80802324,81.00153799,-2.699821946,-74.03610435,-35.13675366,23.68,39.87,63.41,1015.03,1,1
56:17.1,23.35125673,94.81099024,81.00022105,-2.702948263,-74.03605584,-35.13366229,23.68,39.87,63.41,1015.02,1,1
56:18.2,23.34853799,94.81019296,81.00341911,-2.7001513,-74.03852265,-35.13838127,23.68,39.87,63.41,1015.01,1,1
56:19.2,23.35024557,94.81226463,81.00246382,-2.70234314,-74.03853573,-35.13652925,23.68,39.87,63.41,1014.99,1,1
56:20.2,23.34971948,94.81183584,81.00270739,-2.701467379,-74.03748733,-35.13616195,23.68,39.87,63.41,1014.98,1,1
56:21.2,23.35006079,94.81112847,81.00151136,-2.701743518,-74.03613565,-35.13475748,23.68,39.87,63.41,1015.02,1,1
56:22.1,23.35046323,94.81079845,81.00118919,-2.701728007,-74.03563891,-35.13407956,23.68,39.87,63.41,1015,1,1
56:23.2,23.34867983,94.80977686,81.00260962,-2.700430881,-74.03780696,-35.13765007,23.68,39.87,63.41,1015.02,1,1
56:24.2,23.35079734,94.81197797,81.00159162,-2.702613629,-74.03729878,-35.13502526,23.68,39.87,63.41,1015.02,1,1
56:25.2,23.34930616,94.81130866,81.00326019,-2.70083899,-74.03809744,-35.13718808,23.68,39.87,63.41,1014.97,1,1
56:26.1,23.3493076,94.8112436,81.00250625,-2.701470045,-74.03802893,-35.13702542,23.68,39.87,63.41,1015.03,1,1
56:27.2,23.35170354,94.8124893,81.00092532,-2.702958389,-74.03545029,-35.13259421,23.68,39.87,63.41,1015.03,1,1
56:28.2,23.34828068,94.81003591,81.00384446,-2.699602939,-74.03839748,-35.13857061,23.68,39.87,63.41,1015.01,1,1
56:29.2,23.34997928,94.81217007,81.00275962,-2.702204608,-74.03915644,-35.13731872,23.68,39.87,63.41,1015.02,1,1
56:30.1,23.35041102,94.81282639,81.0029192,-2.70200452,-74.03783205,-35.13576353,23.68,39.87,63.41,1015.05,1,1
56:31.2,23.34992832,94.81237895,81.00364869,-2.701240592,-74.0384099,-35.13681852,23.68,39.87,63.41,1015.02,1,1
56:32.2,23.34889965,94.81215056,81.00449298,-2.700837324,-74.04015294,-35.13921143,23.68,39.87,63.41,1015.04,1,1
56:33.2,23.35095582,94.8140385,81.00335406,-2.702680584,-74.03885743,-35.136022,23.68,39.87,63.41,1015.05,1,1
56:34.2,23.34939106,94.81298759,81.00493726,-2.700764065,-74.03964589,-35.13830596,23.68,39.87,63.41,1015.02,1,1
56:35.2,23.34938605,94.81318109,81.00464213,-2.701386492,-74.04036004,-35.13881935,23.68,39.87,63.41,1015.06,1,1
56:36.1,23.35110028,94.81453697,81.0038519,-2.702539474,-74.03893743,-35.13594879,23.68,39.87,63.41,1015.06,1,1
56:37.2,23.34884515,94.81313739,81.00596729,-2.700281027,-74.0409072,-35.13988919,23.68,39.87,63.41,1015.05,1,1
56:38.2,23.35000134,94.81464355,81.00532728,-2.701992049,-74.04142672,-35.13904246,23.68,39.87,63.41,1015.06,1,1
56:39.1,23.32788555,94.77634608,81.04786672,-2.473843036,-73.75842061,-35.21025247,-2.7,34.03,91.74,1015.06,1,1
56:40.2,24.25787204,96.40740368,80.94242685,-4.713845133,-75.14946058,-33.28408143,-1.35,38.38,81.1,1015.09,1,1
56:41.2,10.33897093,79.60298109,72.12401638,-6.223445517,-79.1694309,-43.86639673,13.34,40.62,85.29,1015.11,1,1
56:42.2,24.05908679,104.3773914,88.96415834,-5.126986247,-84.83524816,-44.4379987,5.1,42.57,56.06,1015.12,1,1
56:43.2,8.642051708,75.75900094,67.18944161,-7.875007967,-74.04310333,-33.75540319,6.45,44.37,59.06,1015.13,1,1
56:44.2,8.477659377,77.00231074,68.91382573,-6.441081321,-74.52702399,-38.74579704,5.4,41.82,58.76,1015.11,1,1
56:45.2,7.798137788,77.231273,69.57868395,-6.365362957,-74.68334174,-37.81579405,6.9,44.07,58.46,1015.08,1,1
56:46.2,7.444335179,76.50684052,69.22004152,-6.289733969,-74.94350319,-38.97833886,4.35,44.37,58.76,1015.07,1,1
56:47.1,7.60796704,76.61815967,68.99057439,-6.459145989,-74.35835528,-37.58403737,5.1,41.82,58.46,1015.06,1,1
56:48.2,7.416644368,76.68402302,69.25213101,-6.55993674,-75.14893202,-38.63826226,4.95,42.72,60.26,1015.1,1,1
56:49.2,7.416656802,76.51842226,69.18251687,-6.366617908,-75.00623375,-39.04151254,4.95,42.72,60.26,1015.07,1,1
56:50.2,7.520612554,76.79734075,69.28108153,-6.594524271,-75.20421273,-38.70069669,4.95,42.72,60.26,1015.04,1,1
56:51.2,7.575408569,76.73237978,69.19020401,-6.599560241,-75.14233162,-38.66737438,4.95,42.72,60.26,1015.05,1,1
56:52.2,7.602788432,76.7742887,69.21754349,-6.594361231,-75.147035,-38.67132877,4.95,42.72,60.26,1015.05,1,1
56:53.2,7.601820098,76.77261278,69.2175329,-6.593466696,-75.14736654,-38.67269732,4.95,42.72,60.26,1015.01,1,1
56:54.2,7.601747984,76.77216601,69.21669355,-6.593955802,-75.14728778,-38.67265586,4.95,42.72,60.26,1015.05,1,1
56:55.2,7.603595539,76.77297768,69.21526305,-6.595175873,-75.14518462,-38.66914407,4.95,42.72,60.26,1015.02,1,1
56:56.2,7.600724919,76.77050379,69.21698467,-6.592515832,-75.14683695,-38.67344903,4.95,42.72,60.26,1015.04,1,1
56:57.2,7.603379633,76.77248419,69.21496936,-6.595378951,-75.1458419,-38.66992451,4.95,42.72,60.26,1015.04,1,1
56:58.2,7.601614433,76.7713372,69.21664865,-6.593262,-75.146518,-38.67229485,4.95,42.72,60.26,1015.02,1,1
56:59.2,7.602087268,76.77171452,69.21595281,-6.594223318,-75.14671546,-38.67192413,4.95,42.72,60.26,1015.04,1,1
57:00.2,7.602914203,76.77223564,69.21549686,-6.594630111,-75.14561012,-38.67020608,4.95,42.72,60.26,1015.02,1,1
57:01.2,7.6014117,76.77091178,69.21631869,-6.593267624,-75.14639746,-38.67238857,4.95,42.72,60.26,1015.02,1,1
57:02.2,7.602775292,76.77173382,69.21499463,-6.594771232,-75.14552597,-38.67027512,4.95,42.72,60.26,1015.05,1,1
57:03.2,7.602505097,76.77145123,69.21559263,-6.594010333,-75.14543922,-38.67055782,4.95,42.72,60.26,1015.02,1,1
57:04.2,7.601202533,76.77074494,69.21644753,-6.593264643,-75.14705959,-38.67315833,4.95,42.72,60.26,1015.09,1,1
57:05.2,7.604001032,76.77342169,69.21552093,-6.59556809,-75.14618372,-38.66963909,4.95,42.72,60.26,1015.06,-1,-1
57:06.2,7.598170831,76.73741369,69.15745433,-6.642070436,-75.15206308,-38.64793575,4.95,42.72,60.26,1015.13,-1,-1
57:07.2,7.585271678,76.83476134,69.22656725,-6.739574126,-75.30213233,-38.57960247,4.95,42.72,60.26,1015.08,1,1
57:08.2,7.866285666,76.93104503,69.14215183,-6.778732195,-75.23225296,-38.52182591,4.95,42.72,60.26,1015.05,1,1
57:09.1,7.890029986,76.86945805,69.06612892,-6.740281057,-75.14374327,-38.6164534,6.15,44.82,56.66,1015.06,1,1
57:10.2,7.497277406,76.5706604,69.06383441,-6.322337681,-74.2564582,-37.65767886,3.45,42.72,57.56,1015.07,-1,-1
57:11.2,6.89592625,77.91500279,70.53721977,-7.358058414,-76.71637508,-37.28505767,2.4,43.17,70.6,1015.11,-1,-1
57:12.2,22.41709752,73.01855841,57.03346186,-13.68017272,-73.39125507,-33.99394096,36.88,32.38,56.51,1015.08,-1,-1
57:13.2,16.87499771,78.34408882,65.14157505,-11.28138193,-77.4205745,-38.53985607,33.88,39.72,70.75,1015.07,-1,-1
57:14.2,25.25658999,85.61729838,65.95142945,-10.95441968,-67.37117981,-20.81937668,20.54,44.22,70.6,1015.11,-1,-1
57:15.1,-78.62527447,-10.14960327,26.05799981,-0.12691857,-49.53575333,-24.06031304,45.57,24.73,96.54,1015.02,-1,-1
57:16.2,28.17945837,103.1399364,84.70742319,-5.87777113,-77.81322929,-32.58347543,47.82,27.13,111.38,1015.04,-1,-1
57:17.2,8.374191175,60.48372348,51.24277627,-10.31877396,-62.86040368,-20.68973179,40.92,12.59,108.23,1015.09,-1,-1
57:18.2,9.012465648,78.24696133,67.28240479,-8.802060413,-69.04538072,-19.65367825,47.82,10.94,146.15,1015.07,-1,-1
57:19.2,-16.99949754,45.93130368,49.2282968,-6.041529488,-60.3491482,-23.85294405,35.23,5.85,132.51,1015.03,-1,-1
57:20.2,9.91143131,102.9700616,99.79486531,6.686434998,-77.26526857,-33.15033976,31.03,14.09,122.62,1015.1,-1,-1
57:21.2,30.77880248,80.99887608,59.48368561,-14.68926655,-72.64783273,-27.18816471,38.38,6.15,118.12,1015.05,-1,-1
57:22.2,11.45921401,82.47604889,70.94279385,-8.139452639,-73.76899998,-29.7439671,27.43,2.25,105.08,1015.02,-1,-1
57:23.2,-2.809523649,77.58283835,76.47107037,-1.780802235,-73.74199091,-32.74399243,17.09,-2.7,95.19,1015.06,-1,-1
57:24.2,-3.052343041,54.53502497,51.90244399,-9.239425744,-69.180395,-34.76192679,15.89,-4.05,69.25,1015.08,-1,-1
57:25.2,6.431845916,76.2570546,67.9976742,-7.238364927,-75.05797129,-40.59760571,3,-12.44,37.48,1015.09,-1,-1
57:26.2,-30.69338099,60.01100889,75.87338839,5.634953212,-75.31992822,-52.28427126,8.39,-12.59,38.38,1015.09,-1,-1
57:27.2,13.6783003,78.36488625,70.29662219,-4.848563273,-79.62870341,-57.07871775,6.6,-11.09,32.83,1015.09,-1,-1
57:28.2,-7.060562779,59.91729187,61.2957065,-3.747953204,-73.50138974,-52.39533121,10.19,-23.68,68.96,1015.09,-1,-1
57:29.2,-28.28841834,54.81243985,65.37999004,-2.472754711,-77.97751806,-55.71231177,10.19,-23.68,68.96,1015.09,-1,-1
57:30.2,24.80522945,88.6301948,75.30753259,-6.988655875,-83.96406563,-54.96037467,5.4,-20.24,58.01,1015.09,-1,-1
57:31.2,25.39106955,85.59818431,73.38538138,-3.095622555,-78.39821823,-56.1789913,8.84,-18.29,71.65,1015.08,-1,-1
57:32.2,38.85805284,128.0588753,106.9047112,-1.847033288,-95.16009194,-62.94199085,30.58,-9.14,88.29,1015.08,-1,-1
57:33.2,29.67045262,92.89269415,78.60669902,-4.143843941,-81.98140218,-55.17218468,32.08,35.08,104.78,1015.04,-1,-1
57:34.2,16.95736285,91.62217678,80.54913851,-3.952197617,-78.8775495,-42.89852718,40.77,32.38,103.28,1015.1,-1,-1
57:35.2,16.77796587,77.06680237,62.25496943,-11.76167524,-70.70715756,-24.64175813,41.82,27.13,113.48,1015.04,-1,-1
57:36.2,-1.668293575,67.48809759,60.0433342,-8.769656601,-63.35702239,-17.07336164,38.67,18.14,119.02,1015.07,-1,-1
57:37.2,-34.66323457,62.88489791,86.02857565,16.45092173,-65.39873517,-36.15419372,35.08,2.85,102.83,1015.1,-1,-1
57:38.2,14.99493586,76.07080611,62.85538707,-8.055877429,-65.16229543,-21.2047715,35.08,-5.85,91.59,1015.12,-1,-1
57:39.2,-46.18629209,47.11084455,71.13603651,7.582252282,-69.57997902,-40.68829376,35.08,-5.85,91.59,1015.07,-1,-1
57:40.2,49.89363894,99.40562444,70.7849299,-12.10877634,-77.08384566,-36.61720383,27.73,-8.09,98.19,1015.09,-1,-1
57:41.1,48.52944632,100.2494551,70.45774563,-13.24728779,-75.20623422,-32.52780843,34.33,27.43,114.23,1015.07,-1,-1
57:42.2,-6.831920292,75.47550359,78.14645016,1.344546684,-75.63006315,-44.60654145,32.23,31.78,106.58,1015.02,-1,-1
57:43.2,23.4503238,95.25049329,79.71044693,-5.938486517,-75.17800966,-28.70136292,38.67,28.93,101.78,1015.08,-1,-1
57:44.2,12.35482127,75.67147012,64.34539759,-8.906793969,-69.74297639,-24.88694183,32.23,36.73,100.43,1015.03,-1,-1
57:45.2,-0.087274069,69.17003011,62.48688568,-10.18982362,-71.36845384,-24.24144876,40.92,28.63,100.28,1015.02,-1,-1
57:46.2,17.52144815,64.91838078,48.21058963,-16.7417116,-66.73095904,-19.82107757,45.12,19.04,122.92,1015.07,-1,-1
57:47.2,6.896176801,76.03312034,66.54274157,-7.40181175,-67.89321827,-22.52358613,38.23,3.15,130.71,1015.07,-1,-1
57:48.2,-1.079246853,73.54749801,71.48246442,-2.573371856,-69.43231891,-26.07462462,39.27,-4.35,113.18,1015.07,-1,-1
57:49.1,9.255203038,71.63144755,62.08214703,-9.303218998,-71.27068365,-29.10795735,32.68,-9.59,94.44,1015.05,-1,-1
57:50.2,5.615507124,76.43239115,68.4898073,-6.655221893,-71.94767957,-31.52994669,25.33,-3.45,101.63,1015.04,-1,-1
57:51.2,-5.098149836,69.99913706,73.35769766,2.290044207,-71.84446169,-43.32957736,16.49,-9.14,94.44,1015.06,-1,-1
57:52.2,13.74472475,79.42465186,68.00201801,-7.881410122,-74.42240308,-37.80359387,20.09,-12.59,79.15,1015.03,-1,-1
57:53.2,-17.52227133,64.76373278,70.20853477,-3.513462076,-78.70088842,-46.88321564,13.64,-14.54,63.56,1015.04,-1,-1
57:54.2,-3.793332243,59.69666593,60.21146979,-3.35210198,-71.03761856,-46.65243918,11.24,-11.09,52.02,1015.07,-1,-1
57:55.1,2.305705417,80.04809518,74.39428232,-5.50561267,-79.23012781,-47.76247845,5.85,-13.04,50.22,1015.03,-1,-1
57:56.2,-58.94257044,15.09161031,44.20239504,0.643999046,-67.69301424,-53.28681249,0.3,-3,14.39,1015.06,-1,-1
57:57.2,7.833969327,70.12279348,62.7469081,-4.708949113,-72.09297912,-51.97391585,1.95,-11.39,27.58,1015.04,-1,-1
57:58.2,-17.29111456,96.83916082,109.8188286,16.07539584,-86.85556028,-71.91963217,6.9,-14.54,27.58,1015.02,-1,-1
57:59.2,17.03533676,81.6300431,73.21057438,-2.151932923,-77.12417579,-56.72891187,28.63,-19.34,93.54,1015.04,-1,-1
58:00.2,-31.46076649,55.37940056,72.48157914,5.21579949,-76.7200105,-60.62577159,30.43,-20.84,94.59,1015.03,-1,-1
58:01.2,22.78348726,82.70548948,70.16291688,-5.338326571,-74.78427456,-43.28821189,11.39,-8.84,24.73,1015.07,-1,-1
58:02.2,17.92600308,93.95805381,81.69764568,-5.954806398,-83.14913311,-46.11232346,14.54,-14.69,37.63,1015.03,-1,-1
58:03.2,24.25154275,76.39125951,60.81907654,-10.19974566,-74.17277717,-45.73258467,8.39,-12.29,14.99,1015.05,-1,-1
58:04.2,-35.26379892,37.08113314,56.34441939,3.236860137,-70.64969376,-58.60042801,29.08,-21.14,76.15,1015.04,-1,-1
58:05.2,88.1708025,153.8820779,106.1997265,-8.818435382,-92.09349674,-56.36090114,50.52,-3.15,137.31,1015.06,-1,-1
58:06.2,-4.64135,71.31242084,75.40934423,1.744869706,-76.94690054,-51.59501949,43.02,10.04,144.51,1015.11,-1,-1
58:07.2,40.30674677,102.652259,75.62655146,-12.77635676,-75.94145848,-24.09363804,53.67,23.38,138.06,1015.09,-1,-1
58:08.2,-1.74267254,70.19951282,66.06210982,-7.888596224,-72.73240943,-26.24748717,52.47,24.88,136.86,1015.03,-1,-1
58:09.2,22.9758294,81.63921097,63.69714128,-10.84278536,-67.17830167,-17.61181088,49.92,11.69,143.76,1015.05,-1,-1
58:10.2,7.657800511,77.90678231,64.86928593,-11.88346926,-66.72192519,-9.45550652,28.03,5.25,134.46,1015.03,-1,-1
58:11.2,-100.0262556,-19.69988593,30.50630222,6.222989363,-53.07323088,-30.07321844,30.73,32.08,56.51,1015.06,-1,-1
58:12.2,99.46160996,156.9036326,94.45352745,-24.57959627,-93.31224645,-30.95947294,23.83,37.33,59.81,1015.03,-1,-1
58:13.2,7.859392878,77.6131413,71.42829086,-2.305993948,-69.36252581,-33.56515252,21.74,37.33,53.67,1015.04,-1,-1
58:14.2,12.15413521,82.39554872,72.57082749,-4.945929716,-72.01057386,-33.28277824,19.49,36.43,46.32,1015.08,-1,-1
58:15.2,3.79013451,73.57864278,68.71509242,-3.812733544,-70.47368545,-34.71599393,19.04,37.03,47.22,1015.07,-1,-1
58:16.2,8.725969353,76.52414641,69.23676075,-4.265700387,-70.94663881,-35.96381005,19.49,35.68,47.22,1015.07,-1,-1
58:17.2,7.729587444,75.63491639,68.81575861,-4.420173445,-71.0309065,-35.87411606,20.39,36.58,48.87,1015.09,-1,-1
58:18.2,7.109333148,75.23784411,68.74257691,-4.249975727,-70.89443918,-36.04561635,20.39,36.88,48.12,1015.04,-1,-1
58:19.1,6.443363302,74.84523496,68.57365024,-4.297909682,-70.68388408,-35.3288407,20.84,36.73,48.72,1015.08,-1,-1
58:20.2,6.562679792,74.62679218,68.29989784,-4.295342924,-70.45875556,-35.24256729,20.84,36.73,48.72,1015.08,-1,-1
58:21.2,6.728856021,75.21485739,68.87119236,-4.099443621,-70.53301617,-35.21255959,20.84,36.73,48.72,1015.04,-1,-1
58:22.3,6.734155993,75.16952173,68.84342209,-4.082095431,-70.50974786,-35.22083499,20.84,36.73,48.72,1015.06,-1,-1
58:23.2,6.742159534,75.18017576,68.8488054,-4.08149575,-70.50891867,-35.21902677,20.84,36.73,48.72,1015.06,-1,-1
58:24.2,6.740380154,75.17824254,68.84980265,-4.079578351,-70.50961436,-35.2215027,20.84,36.73,48.72,1015.07,-1,-1
58:25.2,6.741324339,75.17906235,68.84916497,-4.080869995,-70.51007784,-35.22092389,20.84,36.73,48.72,1015.11,-1,-1
58:26.2,6.741395193,75.17989781,68.85029654,-4.080584759,-70.51090661,-35.22155392,20.84,36.73,48.72,1015.04,-1,-1
58:27.2,6.739352403,75.17912018,68.85165653,-4.079376749,-70.51286475,-35.22506458,20.84,36.73,48.72,1015.07,-1,-1
58:28.2,6.743187359,75.18170179,68.84867298,-4.082723174,-70.5093947,-35.21831368,20.84,36.73,48.72,1015.04,-1,-1
58:29.2,6.739577485,75.17811355,68.85064143,-4.078768067,-70.50994347,-35.22252004,20.84,36.73,48.72,1015.07,-1,-1
58:30.2,6.742657393,75.18020204,68.84849921,-4.082569497,-70.51095226,-35.22177106,22.49,34.78,48.42,1015.07,-1,-1
58:31.2,6.705267872,75.17724488,68.88137936,-4.070259207,-70.55155217,-35.25746725,20.09,36.43,50.07,1015.08,-1,-1
58:32.2,6.574670736,74.83640602,68.67731692,-3.832052837,-70.0743005,-35.11992747,20.84,36.43,49.02,1015.07,-1,-1
58:33.2,6.986362683,75.71233463,69.18666674,-4.288474797,-71.04918096,-35.53431807,20.69,37.33,48.42,1015.09,-1,-1
58:34.2,6.761055326,74.98654275,68.61216353,-4.189045349,-70.50100478,-35.21238797,20.84,35.98,48.72,1015.06,-1,-1
58:35.2,6.946117447,75.27465646,68.77673231,-4.216385395,-70.53582597,-35.07723264,19.64,36.58,48.42,1015.07,-1,-1
58:36.2,6.685205723,74.95997416,68.66451783,-4.137281833,-70.54469762,-35.381827,20.84,36.43,49.02,1015.06,-1,-1
58:37.2,6.671945341,75.07888643,68.7374354,-4.270043127,-70.86854599,-35.72931821,20.09,36.43,49.02,1015.06,-1,-1
58:38.2,6.605453215,75.00818942,68.68635514,-4.183327088,-70.54072265,-35.21669284,20.54,35.98,48.27,1015.03,-1,-1
58:39.2,6.56241766,75.04692227,68.76783805,-4.220723772,-70.78633723,-35.54984855,18.89,35.83,49.17,1015.03,-1,-1
58:40.2,6.700897282,74.88568496,68.50596397,-3.970587196,-69.6927603,-34.37603896,20.09,36.43,49.32,1015.03,-1,-1
58:41.1,5.450242046,76.71437724,71.23241249,-5.221328595,-74.90398288,-36.94812612,3.15,43.47,49.62,1015.02,-1,-1
58:42.2,14.73314736,57.02949483,42.26857892,-16.83989675,-65.58382032,-26.47872748,-7.35,42.27,29.23,1014.99,-1,-1
58:43.2,2.988434838,72.85306781,66.04052695,-8.720220054,-75.78487992,-38.85878813,-2.7,43.02,36.43,1015.03,-1,-1
58:44.2,5.650728337,75.72192971,69.80051131,-5.573197226,-76.99155595,-46.52505417,-2.85,42.72,36.58,1015.02,1,-1
58:45.2,4.458500661,75.73396192,70.42228695,-5.275442621,-76.49211659,-44.28965457,-4.8,44.07,35.08,1015.01,1,-1
58:46.2,5.652394787,75.2233347,69.29228988,-5.688929493,-76.1671024,-44.12411568,-4.65,43.47,35.98,1015,1,-1
58:47.2,6.167677897,76.00124754,69.66269103,-5.993816796,-76.80050071,-44.64607033,-6,44.82,33.43,1015.01,1,-1
58:48.2,5.835929044,75.80179156,69.65996703,-5.920895382,-76.77802324,-44.66148117,-3.3,42.72,34.93,1014.98,1,-1
58:49.2,5.194689653,75.48901968,69.77170807,-5.734008044,-76.99846159,-45.37721855,-4.2,45.12,36.13,1014.99,1,-1
58:50.2,6.541787522,76.14897621,69.6700815,-5.733785452,-76.31824937,-44.54319925,-4.2,45.12,36.13,1015,1,-1
58:51.2,3.099661116,75.02746251,70.19984169,-5.344732082,-76.72502819,-44.78838675,-7.5,43.17,32.23,1015.02,-1,-1
58:52.2,3.374345948,74.71237457,69.64605267,-5.340910405,-75.98926564,-44.15391299,-7.05,42.27,27.13,1015.03,-1,-1
58:53.2,-1.412990851,73.65666604,71.72172865,-3.841897122,-77.52397995,-47.42027282,-7.35,41.52,28.63,1015.05,-1,-1
58:54.2,5.941216718,75.23018695,69.48828019,-5.317469509,-76.64367175,-46.63298593,-8.24,41.07,29.83,1015,-1,-1
58:55.2,5.075266456,75.48612381,70.01532407,-5.489593583,-77.33376954,-46.9092511,-7.2,41.37,28.78,1015,-1,-1
58:56.2,5.605022721,75.82766959,70.10544334,-5.671713748,-77.73980267,-47.31549963,-7.05,41.52,27.58,1015.01,-1,-1
58:57.2,5.640221793,75.65520455,69.87416982,-5.600169528,-77.2732545,-46.81454644,-8.54,41.07,29.08,1015.03,-1,-1
58:58.1,5.484718318,75.60370667,69.92632731,-5.488347028,-77.15651192,-46.80834187,-7.5,39.27,28.03,1015.04,-1,-1
58:59.2,5.336989328,75.71730316,70.13757472,-5.64119437,-77.82805021,-47.53447238,-8.54,42.72,28.33,1014.99,-1,-1
59:00.2,5.440752638,75.61240824,70.05921224,-5.404400928,-77.47895108,-47.65152299,-7.65,40.77,27.88,1015,-1,-1
59:01.2,5.61453311,75.93419455,70.07711362,-5.791648714,-77.68851086,-47.029128,-7.65,40.77,27.88,1015,1,-1
59:02.2,5.487446439,75.54570359,69.9359601,-5.505301856,-77.40714115,-47.27654473,-7.65,40.77,27.88,1015.04,1,-1
59:03.1,5.465825981,75.58959565,70.00991299,-5.441042084,-77.41578709,-47.4004203,-7.65,40.77,27.88,1015,1,-1
59:04.2,5.32027065,75.6126806,70.09194225,-5.440747759,-77.48061847,-47.42547133,-7.65,40.77,27.88,1015.04,1,-1
59:05.2,5.307918019,75.60234029,70.10571279,-5.408841164,-77.45194261,-47.41399136,-7.65,40.77,27.88,1015.02,1,-1
59:06.2,5.304923231,75.60034779,70.10820406,-5.405704039,-77.45352945,-47.4183375,-7.65,40.77,27.88,1014.97,1,-1
59:07.2,5.306287155,75.60110543,70.10612694,-5.40783869,-77.45259026,-47.41606222,-7.65,40.77,27.88,1015.01,1,-1
59:08.2,5.307734346,75.60120345,70.10475945,-5.408241539,-77.4495417,-47.41221877,-7.65,40.77,27.88,1015,1,-1
59:09.2,5.304990614,75.59844393,70.10629957,-5.405639996,-77.45129616,-47.41655856,-7.65,40.77,27.88,1015.05,-1,-1
59:10.2,5.300319609,75.57374667,70.07066628,-5.423702245,-77.43876794,-47.39911158,-7.65,40.77,27.88,1015.02,-1,-1
59:11.2,5.322964325,75.64384895,70.07812996,-5.519245159,-77.50733664,-47.30102463,-7.65,43.32,28.18,1015.06,-1,-1
59:12.2,5.472780377,75.55750171,69.96347886,-5.41743556,-77.28468578,-47.32458149,-6.75,41.67,32.53,1015.04,-1,-1
59:13.2,5.421043913,76.04237223,69.97923563,-6.310839631,-77.98221739,-46.40062436,26.53,29.23,43.92,1015.05,-1,-1
59:14.2,-0.922387067,66.25691582,63.67111656,-5.620638236,-74.05665525,-45.51283449,36.43,32.38,98.34,1015.08,-1,-1
59:15.2,1.008831681,77.15739218,72.91952478,-3.418099124,-71.90344017,-34.45694063,40.77,8.54,114.23,1015.06,-1,-1
59:16.2,-19.24750425,35.83304135,39.96449304,-9.844810759,-59.66218489,-20.82038617,36.88,27.13,109.73,1015.03,-1,-1
59:17.2,15.8155463,90.88205434,78.5382498,-6.034150284,-75.41667366,-29.32310772,39.42,3.75,115.42,1015.04,-1,-1
59:18.2,-8.829902784,46.33283278,44.65116411,-11.10257025,-62.42317654,-20.71386376,38.38,27.58,111.68,1015.06,-1,-1
59:19.2,11.11190592,82.26106654,72.01704597,-7.169295351,-74.0461795,-30.01682764,38.08,3.75,114.98,1015.09,-1,-1
59:20.2,0.018316776,55.92311326,49.65779907,-11.31053457,-64.17531458,-20.6274665,37.33,27.58,110.93,1015.11,-1,-1
59:21.2,18.58561213,90.07209141,76.72470801,-6.748888174,-76.11556793,-31.72418746,41.22,6.6,112.28,1015.07,-1,-1
59:22.1,-0.068181272,54.96846613,48.54907862,-11.22495495,-63.21727245,-20.84961301,41.07,17.09,111.08,1015.08,-1,-1
59:23.2,20.32690209,100.5287777,88.23902746,-1.610670281,-77.05810986,-33.02287579,42.72,7.65,111.98,1015.06,-1,-1
59:24.2,-3.421483693,51.52079732,48.13542082,-8.972804717,-61.99573275,-23.1626177,39.87,24.73,112.58,1015.02,-1,-1
59:25.2,24.03712002,105.3034792,91.27319766,-0.83309,-77.21547907,-33.16757764,41.97,6.9,111.23,1015.07,-1,-1
59:26.1,7.026245619,64.67134682,55.68210161,-10.27192894,-65.87345358,-21.05734214,38.38,29.08,108.23,1015.14,-1,-1
59:27.2,5.030907817,74.52245336,68.59643827,-4.646090193,-70.46981856,-30.48987022,39.12,7.94,115.72,1015.03,-1,-1
59:28.2,31.44795356,94.47679939,73.95010901,-8.422719226,-71.30776417,-23.47231866,35.98,29.08,109.88,1015.06,-1,-1
59:29.2,8.486958125,79.89780326,72.77094675,-4.310314047,-72.59590173,-31.39550194,36.88,8.09,119.02,1015.06,-1,-1
59:30.1,20.67941169,84.10466578,68.76418218,-9.285660388,-71.57244204,-24.29416906,39.42,28.33,109.88,1015.07,-1,-1
59:31.2,3.862456068,66.39156578,59.8709779,-7.627926764,-68.3108253,-29.04535015,37.33,7.2,111.68,1015.04,-1,-1
59:32.2,19.78982741,99.76061376,86.46878447,-2.957183154,-75.5135433,-27.68649574,44.97,13.79,111.38,1015.09,-1,-1
59:33.2,3.346444338,60.36923386,54.65359997,-7.742517165,-65.72919662,-29.11500227,40.02,12.44,116.62,1015.06,-1,-1
59:34.2,26.50958865,108.93633,92.87889462,-2.446879821,-78.78258146,-30.35822755,43.62,15.59,111.83,1015.08,-1,-1
59:35.2,-6.202152092,39.90940838,36.03438783,-13.72093107,-59.8999191,-20.92553929,37.78,29.38,111.98,1015.02,-1,-1
59:36.1,18.44132033,106.006953,94.67949267,0.55020936,-77.68878788,-31.58445803,43.77,11.54,112.28,1015.02,-1,-1
59:37.2,4.494198501,55.32021655,46.75179851,-12.67584481,-63.45762752,-19.93386995,36.13,29.53,110.48,1015.1,-1,-1
59:38.2,15.1451645,91.07763654,80.86557942,-1.497375616,-71.93009491,-30.39695889,40.62,7.2,113.33,1015.07,-1,-1
59:39.2,10.5892665,82.70506312,72.82241705,-6.137553503,-71.88435292,-25.9333285,36.88,29.53,108.08,1015.07,-1,-1
59:40.2,1.08309498,66.55280272,62.11742297,-6.315489493,-68.67485385,-28.7117271,38.97,25.93,110.48,1015.05,-1,-1
59:41.2,9.837104495,76.26036965,66.53966624,-7.111025356,-69.46756448,-25.51750875,38.97,25.93,110.48,1015.1,-1,-1
59:42.2,28.35806364,97.01710311,78.84796521,-6.127174868,-73.54163996,-27.21778294,38.97,25.93,110.48,1015.1,-1,-1
59:43.2,27.81484085,96.64562965,79.29730709,-5.535873288,-73.63315966,-27.75804806,38.97,25.93,110.48,1015.12,-1,-1
59:44.2,27.77699322,96.64756046,79.31040667,-5.526382695,-73.63218231,-27.76009195,38.97,25.93,110.48,1015.07,-1,-1
59:45.2,27.77530751,96.6470581,79.31184172,-5.524832649,-73.63280665,-27.76216944,38.97,25.93,110.48,1015.05,-1,-1
59:46.2,27.7772973,96.64771996,79.30927646,-5.526757291,-73.62992993,-27.75775893,38.97,25.93,110.48,1015.06,-1,-1
59:47.2,27.77661894,96.64567903,79.30879672,-5.5253874,-73.62813476,-27.75713946,38.97,25.93,110.48,1015.07,-1,-1
59:48.2,27.77618992,96.64449989,79.30850623,-5.525171134,-73.62873683,-27.75818861,38.97,25.93,110.48,1015.1,-1,-1
59:49.2,27.77665898,96.64533164,79.30885741,-5.525705301,-73.62975364,-27.75856991,38.97,25.93,110.48,1015.12,-1,-1
59:50.2,27.77611306,96.64620018,79.31060654,-5.525220134,-73.63177396,-27.76073511,38.97,25.93,110.48,1015.07,-1,-1
59:51.2,27.77550895,96.64682282,79.31131698,-5.525239115,-73.63290835,-27.76208794,38.97,25.93,110.48,1015.08,-1,-1
59:52.2,27.77771043,96.64823541,79.30950246,-5.526952068,-73.63015536,-27.75757138,38.97,25.93,110.48,1015.08,-1,-1
59:53.2,27.77586952,96.64598935,79.31037896,-5.524695364,-73.63006388,-27.75948254,38.97,25.93,110.48,1015.09,-1,-1
59:54.2,27.77660474,96.6462542,79.30957872,-5.525780111,-73.63044027,-27.75908579,38.97,25.93,110.48,1015.09,-1,-1
59:55.2,27.75212979,96.60782153,79.31236102,-5.428329196,-73.48550471,-27.67929819,32.23,38.52,93.54,1015.1,-1,-1
59:56.2,27.99542005,96.71325827,78.9935311,-5.716221881,-73.21805171,-27.36477071,28.78,40.77,93.84,1015.07,-1,-1
59:57.2,31.13010441,101.7191987,83.7931642,-3.649982252,-73.72028024,-28.47348051,25.48,41.07,86.79,1015.05,-1,-1
59:58.2,10.81731895,77.69922438,68.36597558,-6.421720498,-70.28294782,-26.93053531,25.33,43.02,84.1,1015.11,-1,-1
59:59.2,12.85987012,79.98113965,69.03014184,-7.082189896,-71.17101142,-28.23244778,22.49,43.32,80.35,1015.05,-1,-1
00:00.2,10.29339615,78.1063288,68.42011618,-7.201380149,-71.30650805,-27.97295437,23.53,41.52,81.7,1015.07,-1,-1
00:01.2,7.176229165,70.66415374,61.95448226,-8.710110858,-69.59459442,-27.90359374,23.23,44.82,76.3,1015.08,-1,-1
00:02.2,9.366784476,78.09837646,68.96742026,-6.806360265,-72.00453747,-30.31651314,22.79,44.82,77.35,1015.12,-1,-1
00:03.2,10.25607154,75.70174982,65.43442146,-7.699747102,-69.18398175,-27.0825832,35.38,33.88,99.83,1015.07,-1,-1
00:04.2,-11.49317539,63.24387915,64.7829611,-4.398072152,-69.616989,-30.23884525,35.23,34.33,101.33,1015.06,-1,-1
00:05.2,23.66085617,86.42629705,70.63098261,-7.751028022,-70.83550384,-25.14295524,25.63,40.17,89.04,1015.09,-1,-1
00:06.2,11.49535536,74.05858421,62.73857041,-9.40897362,-68.74621479,-23.38927562,25.18,44.22,88.14,1015.11,-1,-1
00:07.2,11.21005684,79.12148064,68.68249993,-7.430884636,-71.46366801,-28.04822734,28.33,41.37,89.19,1015.09,-1,-1
00:08.2,7.162658038,74.22884222,65.76905226,-7.51368986,-70.16400954,-27.05389039,25.48,41.07,90.24,1015.07,-1,-1
00:09.1,10.07677847,77.81600421,68.30774239,-6.594200332,-70.10855055,-26.95407425,25.93,41.22,89.94,1015.06,-1,-1
00:10.2,10.09491792,78.09913356,68.51765359,-7.067768792,-71.31001985,-28.11585889,25.63,40.47,89.34,1015.08,-1,-1
00:11.2,9.238097303,76.38260213,67.21594999,-6.984295731,-70.35907512,-27.67514612,25.93,40.47,89.94,1015.07,-1,-1
00:12.2,11.47232089,80.95112578,71.1014187,-6.190123068,-72.02133332,-29.24492402,27.13,41.52,89.04,1015.06,-1,-1
00:13.2,10.24833202,76.12214353,66.16554672,-7.656044312,-69.89277253,-26.64379422,32.23,36.73,102.23,1015.08,-1,-1
00:14.2,-4.475465063,66.1735575,63.36936588,-6.939691383,-69.9063842,-27.2018169,36.13,32.08,103.58,1015.08,-1,-1
00:15.2,18.98492951,79.27643984,65.68515805,-7.645853347,-68.54567486,-25.45296227,29.53,38.67,92.04,1015.13,-1,-1
00:16.2,26.0116458,101.2182338,84.0987832,-5.003698126,-75.44837761,-28.02634312,34.48,37.33,95.79,1015.15,-1,-1
00:17.2,13.32283454,77.93534477,67.55484981,-6.515164794,-69.51129745,-26.81327708,30.43,38.52,95.94,1015.12,-1,-1
00:18.2,3.82169936,72.72893308,65.94009962,-6.464869019,-68.56207749,-24.713237,34.18,36.58,97.59,1015.12,-1,-1
00:19.2,12.98018727,79.45642026,68.62491034,-7.059881619,-70.58435078,-26.57267731,29.68,37.48,95.34,1015.11,-1,-1
00:20.2,15.18162725,80.74811254,68.60190445,-7.16562576,-69.51473546,-24.73490201,31.63,37.93,95.79,1015.1,-1,-1
00:21.2,5.823027521,74.6498512,67.17927199,-6.540533488,-70.15104436,-27.13148526,32.08,36.88,92.79,1015.11,-1,-1
00:22.2,11.89575157,79.1826084,68.69916619,-6.806627881,-70.0297821,-25.86281524,31.63,36.88,93.84,1015.12,-1,-1
00:23.2,10.70645193,78.00068348,68.37901446,-6.428774786,-69.88463021,-26.53420278,29.98,38.67,92.34,1015.1,-1,-1
00:24.2,17.47555844,83.30041074,70.59392575,-6.657534712,-70.71530093,-26.64695381,24.58,42.27,85.14,1015.15,-1,-1
00:25.2,12.85917521,79.82508471,69.76263003,-5.273048162,-69.82168813,-28.44842411,24.43,42.72,78.85,1015.14,-1,-1
00:26.2,25.77116027,99.35435404,82.17045703,-5.789303108,-76.01961566,-30.68130406,27.28,41.67,76.75,1015.12,-1,-1
00:27.2,6.589845032,74.52325678,67.66776635,-5.474181814,-70.12542167,-29.68139905,24.73,43.47,76.45,1015.1,-1,-1
00:28.2,8.634313905,76.25409671,67.6853968,-6.238409626,-70.06173713,-28.77922316,24.43,43.17,77.5,1015.14,-1,-1
00:29.2,7.007257182,72.85255363,64.92166631,-6.14649616,-68.02487849,-28.22750531,34.63,33.13,90.24,1015.14,-1,-1
00:30.2,-0.996710112,78.11206584,75.54538743,-1.626920101,-71.60314611,-31.96958809,35.23,33.73,88.29,1015.2,-1,-1
00:31.2,6.259490522,74.00467753,67.344233,-4.869436354,-68.40281478,-27.28224283,35.98,32.68,88.29,1015.15,-1,-1
00:32.2,9.987812461,77.07371077,68.02847439,-5.688974103,-68.55394698,-26.06598875,36.13,33.88,89.49,1015.14,-1,-1
00:33.2,10.91502853,77.71251013,68.41575166,-5.963659798,-69.46495376,-26.60277567,33.58,32.83,92.64,1015.13,-1,-1
00:34.2,19.47636494,80.0284399,65.84341817,-8.089403695,-68.35947175,-24.50037008,33.58,32.83,92.64,1015.1,-1,-1
00:35.2,14.50588562,82.64119461,71.37769015,-5.9872543,-70.83239826,-27.45489841,33.58,32.83,92.64,1015.11,-1,-1
00:36.2,14.77277856,82.26512519,71.04828023,-5.811971158,-70.51816583,-27.54877139,33.58,32.83,92.64,1015.07,-1,-1
00:37.2,14.7314971,82.29438555,71.09372118,-5.789698465,-70.52092457,-27.55809578,33.58,32.83,92.64,1015.1,-1,-1
00:38.2,14.73374285,82.29519351,71.09151031,-5.79173793,-70.51900946,-27.55433528,33.58,32.83,92.64,1015.11,-1,-1
00:39.2,14.73323166,82.3058767,71.12730205,-5.754150497,-70.55474323,-27.72673881,24.73,39.27,87.09,1015.13,-1,-1
00:40.2,14.90924517,82.49287547,71.0972116,-5.770569547,-70.35582157,-27.96906795,34.48,31.18,102.98,1015.13,-1,-1
00:41.2,8.930399193,79.07521201,69.28127382,-8.497134147,-73.17046272,-27.93461522,34.48,34.78,105.08,1015.04,-1,-1
00:42.2,-34.22574407,24.99772173,33.49472821,-14.08341316,-62.29629925,-20.03589872,31.93,30.58,107.63,1015.1,-1,-1
00:43.2,-18.83960271,37.52636783,35.49049266,-18.05770889,-63.66988362,-17.19653781,38.38,-0.9,129.82,1015.08,-1,-1
00:44.2,-4.990544356,65.74506559,62.23240804,-7.983572938,-70.32349331,-27.37368504,40.77,12.74,121.72,1015.13,-1,-1
00:45.2,22.56365655,90.88345648,74.49317108,-8.800360343,-76.50729316,-32.20139615,24.73,12.74,86.04,1015.05,-1,-1
00:46.2,3.351197687,71.61877248,62.24550191,-11.53893627,-70.7162966,-22.22176194,16.79,-3.9,60.86,1015.09,-1,-1
00:47.2,-27.88354983,41.82105242,57.82147089,4.251114178,-63.04593997,-38.8675739,-2.4,-3.15,34.78,1015.09,1,1
00:48.2,7.174019489,80.73630419,75.71187621,2.047756362,-71.56713393,-49.88025284,21.89,4.95,42.12,1015.05,1,1
00:49.2,56.70922305,167.9397952,149.8229339,20.49489212,-98.578581,-76.74108961,21.89,4.95,42.12,1015.01,1,1
00:50.2,25.3729808,89.45081988,77.85970443,-0.674665221,-74.7919689,-46.9831401,21.89,4.95,42.12,1015.01,1,1
00:51.2,24.77003459,92.65468915,79.03140558,-3.056306582,-76.8723089,-45.88412144,21.89,4.95,42.12,1015.02,1,1
00:52.2,25.51391847,92.98154937,79.14047544,-3.057208655,-76.96419038,-46.11923326,-1.2,22.04,11.99,1015.01,1,1
00:53.2,25.60796176,93.02697619,78.65405559,-3.706693048,-76.84872034,-45.0468505,10.34,29.38,32.08,1014.99,1,1
00:54.2,18.62219482,87.40432787,78.21197018,-1.199523489,-78.41256236,-54.83403151,-3.45,21.89,11.69,1014.99,1,1
00:55.2,41.32872467,112.4222452,88.87366964,-5.57756641,-81.65032929,-44.14866174,-6.45,20.69,9.59,1015.03,1,1
00:56.2,-2.765993764,68.44216609,69.83508159,-0.751904556,-75.52047784,-53.46008758,-6.6,19.79,8.99,1015.07,1,1
00:57.2,3.73951466,75.45465823,72.44758301,-2.212175212,-77.71356126,-54.79473231,-5.4,19.64,8.09,1015.04,1,1
00:58.2,5.170749471,76.97791976,73.28850732,-2.337500679,-78.21631205,-55.02930994,-6.75,19.94,8.84,1015.03,1,1
00:59.2,1.472382426,73.01837702,71.26338346,-2.011644006,-76.99485627,-54.49955451,-6.3,19.34,7.65,1015.09,1,1
01:00.2,2.008358229,73.80621595,71.69604318,-2.235660053,-77.61633852,-54.99114565,-6.75,19.64,8.84,1015.03,1,1
01:01.2,2.166664062,73.83946626,71.61438925,-2.211542572,-77.42215614,-54.95108679,-6.45,20.24,8.84,1015.12,1,1
01:02.2,0.378106534,72.39877198,71.00370324,-2.258130424,-77.33227271,-54.827296,-6.45,20.24,8.84,1015.08,1,1
01:03.2,-1.550470469,70.50702361,70.07708994,-2.105012868,-76.76084248,-54.47054098,-6.45,20.24,8.84,1015.01,1,1
01:04.2,-1.46106995,70.53826705,70.03220703,-2.137736037,-76.73280665,-54.43499067,-6.45,20.24,8.84,1015.06,1,1
01:05.2,-1.444121587,70.54719296,70.03224418,-2.13973244,-76.73014529,-54.43053576,-6.45,20.24,8.84,1015.06,1,1
01:06.2,-1.447490236,70.54348621,70.03401417,-2.136508153,-76.73239596,-54.43600203,-6.45,20.24,8.84,1015.06,1,1
01:07.2,-1.445664809,70.54533484,70.0327479,-2.13916836,-76.73325709,-54.43478495,-6.45,20.24,8.84,1015.02,1,1
01:08.2,-1.44653033,70.54502696,70.03330448,-2.138231166,-76.73277123,-54.43515506,-6.45,20.24,8.84,1015.05,1,1
01:09.2,-1.444753338,70.54558839,70.03162374,-2.139521799,-76.73062682,-54.43167862,-6.45,20.24,8.84,1015.06,1,1
01:10.1,-1.446739629,70.54381779,70.03317591,-2.137395458,-76.73199289,-54.43491691,-6.45,20.24,8.84,1015.04,1,1
01:11.2,-1.446270277,70.54458512,70.03277406,-2.138560604,-76.73294199,-54.43513644,-6.45,20.24,8.84,1015.01,1,1
01:12.1,-1.445911835,70.54479544,70.03209524,-2.138849688,-76.73153975,-54.43354058,-6.45,20.24,8.84,1015.03,1,1
01:13.2,-1.445225502,70.54429446,70.03100962,-2.13898114,-76.72963119,-54.43138892,-6.45,20.24,8.84,1015.01,1,1
01:14.2,-1.446872146,70.54233878,70.03149584,-2.137547369,-76.73036711,-54.43372788,-6.45,20.24,8.84,1015,1,1
01:15.2,-1.445579055,70.54291046,70.02992147,-2.1391215,-76.72945433,-54.4316498,-6.45,20.24,8.84,1015.01,1,1
01:16.1,-1.445777867,70.54229223,70.02988752,-2.138504724,-76.72862048,-54.43123094,-6.45,20.24,8.84,1015.04,1,1
01:17.2,-1.445856752,70.5421684,70.03026003,-2.138354134,-76.72939206,-54.43202739,-6.45,20.24,8.84,1015.02,1,1
01:18.2,-1.446814849,70.54219025,70.03135456,-2.137880303,-76.73117634,-54.43438494,-6.45,20.24,8.84,1015,1,1
01:19.2,-1.445643014,70.5433749,70.03038509,-2.13918988,-76.73016711,-54.43226219,-6.45,20.24,8.84,1015.02,1,1
01:20.2,-1.445428916,70.54301756,70.0301236,-2.138776486,-76.72878099,-54.43098471,-6.45,20.24,8.84,1015,1,1
01:21.2,-1.446801557,70.54153953,70.03059911,-2.137684986,-76.72963946,-54.4331162,-6.45,20.24,8.84,1015.01,1,1
01:22.2,-1.445302471,70.54253472,70.02935213,-2.139253525,-76.72884477,-54.4309419,-6.45,20.24,8.84,1015.03,1,1
01:23.2,-1.44605051,70.54206832,70.03035083,-2.138153734,-76.72927471,-54.43210871,-6.45,20.24,8.84,1015,1,1
01:24.2,-1.446736762,70.54185047,70.03071729,-2.138024356,-76.73042419,-54.43367842,-6.45,20.24,8.84,1015.01,1,1
01:25.2,-1.445090118,70.54308757,70.029512,-2.139460374,-76.72892932,-54.43075736,-6.45,20.24,8.84,1014.99,1,1
01:26.2,-1.446654092,70.54145075,70.03021303,-2.13775851,-76.72892944,-54.43237515,-6.45,20.24,8.84,1015.02,1,1
01:27.2,-1.445093049,70.5422374,70.02895771,-2.139250053,-76.72820132,-54.43026117,-6.45,20.24,8.84,1015.02,1,1
01:28.2,-1.446731846,70.54132628,70.03058464,-2.137607973,-76.72970021,-54.43317072,-6.45,20.24,8.84,1015.01,1,1
01:29.2,-1.445914488,70.54243162,70.03012839,-2.138841079,-76.73006152,-54.4325571,-6.45,20.24,8.84,1015.04,1,1
01:30.2,-1.445359341,70.54319233,70.03040047,-2.138903349,-76.72959091,-54.43162695,-6.45,20.24,8.84,1015.03,1,1
01:31.2,-1.44679474,70.54250875,70.0317665,-2.137674182,-76.73117117,-54.4343643,-6.45,20.24,8.84,1015.05,1,1
01:32.2,-1.445293481,70.54422131,70.03123688,-2.139240548,-76.73113382,-54.43277036,-6.45,20.24,8.84,1015.08,1,1
01:33.2,-1.446039346,70.54447227,70.03295295,-2.138138584,-76.73232111,-54.43451753,-6.45,20.24,8.84,1015.12,1,1
01:34.2,-1.445910464,70.54601073,70.03449927,-2.138396616,-76.73468876,-54.43630246,-6.45,20.24,8.84,1015.11,1,1
01:35.2,-1.446722231,70.54738178,70.03664677,-2.137991904,-76.73728181,-54.4390839,-6.45,20.24,8.84,1015.15,1,1
01:36.2,-1.444935747,70.55022676,70.03695329,-2.139488507,-76.73737843,-54.43726271,-6.45,20.24,8.84,1015.11,1,1
01:37.2,-1.4473797,70.54932139,70.03925849,-2.137248613,-76.73917952,-54.4411079,-6.45,20.24,8.84,1015.11,1,1
01:38.2,-1.444848415,70.55119738,70.03713071,-2.13984935,-76.73733068,-54.43695835,-6.45,20.24,8.84,1015.09,1,1
01:39.2,-1.446473861,70.54924761,70.03771093,-2.137808109,-76.73654357,-54.43801143,-6.45,20.24,8.84,1015.1,1,1
01:40.2,-1.445392836,70.54913307,70.03613894,-2.138962934,-76.7355748,-54.43620121,-6.45,20.24,8.84,1015.05,1,1
01:41.2,-1.446959469,70.54730039,70.03625174,-2.137679615,-76.73553824,-54.43774301,-6.45,20.24,8.84,1015.03,1,1
01:42.2,-1.445113773,70.54733031,70.03335083,-2.139532894,-76.73261004,-54.43348904,-6.45,20.24,8.84,1015.03,1,1
01:43.2,-1.445862699,70.54503914,70.03262084,-2.138233566,-76.73077363,-54.43290492,-6.45,20.24,8.84,1015.04,1,1
01:44.2,-1.445949366,70.54387065,70.03185257,-2.138291261,-76.7307822,-54.43313081,-6.45,20.24,8.84,1015.05,1,1
01:45.2,-1.446025254,70.54387831,70.03206024,-2.138353216,-76.7315228,-54.43384138,-6.45,20.24,8.84,1015.05,1,1
01:46.1,-1.446092533,70.54434476,70.03252648,-2.138421619,-76.73223809,-54.43445627,-6.45,20.24,8.84,1015.01,1,1
01:47.2,-1.446424393,70.54420629,70.03237979,-2.138368695,-76.73201706,-54.43451687,-6.45,20.24,8.84,1015,1,1
01:48.2,-1.445254365,70.54415229,70.03056392,-2.139264183,-76.72952993,-54.4313093,-6.45,20.24,8.84,1015.01,1,1
01:49.2,-1.445871194,70.54242422,70.03020492,-2.13823363,-76.72852195,-54.43125456,-6.45,20.24,8.84,1015.04,1,1
01:50.2,-1.445820178,70.54214626,70.03023109,-2.138354091,-76.72936466,-54.43199993,-6.45,20.24,8.84,1015.06,1,1
01:51.2,-1.446236244,70.54286062,70.0316339,-2.138139911,-76.7314561,-54.43411412,-6.45,20.24,8.84,1015.03,1,1
01:52.1,-1.446569363,70.54382959,70.03249852,-2.138288769,-76.73274412,-54.43534525,-6.45,20.24,8.84,1015.07,1,1
01:53.2,-1.444646123,70.5457403,70.03187082,-2.139648537,-76.73140852,-54.43229268,-6.45,20.24,8.84,1015.03,1,1
01:54.2,-1.447508194,70.54372532,70.03385106,-2.136995,-76.73303558,-54.43650191,-6.45,20.24,8.84,1015.05,1,1
01:55.2,-1.444575999,70.54579336,70.03153107,-2.139996547,-76.73141143,-54.43217965,-6.45,20.24,8.84,1015.05,1,1
01:56.2,-1.446615143,70.5441686,70.03322101,-2.137537253,-76.73196492,-54.43475752,-6.45,20.24,8.84,1014.99,1,1
01:57.2,-1.446619353,70.5437762,70.03204368,-2.138374342,-76.73189072,-54.43460472,-6.45,20.24,8.84,1014.99,1,1
01:58.2,-1.444694002,70.54399364,70.02952245,-2.139747117,-76.72825778,-54.42971534,-6.45,20.24,8.84,1015.03,1,1
01:59.2,-1.445794685,70.54181892,70.02989385,-2.137952734,-76.72782854,-54.43071636,-6.45,20.24,8.84,1015.04,1,1
02:00.2,-1.446637903,70.54148628,70.03084222,-2.13773478,-76.73049187,-54.43379469,-6.45,20.24,8.84,1015.03,1,1
02:01.2,-1.446018796,70.54321291,70.03119941,-2.138765289,-76.73149815,-54.43384779,-6.45,20.24,8.84,1015.01,1,1
02:02.2,-1.445932087,70.54366269,70.03124857,-2.138709762,-76.73073057,-54.43303988,-6.45,20.24,8.84,1014.99,1,1
02:03.2,-1.445856157,70.54293632,70.03032178,-2.138649975,-76.72923097,-54.4317473,-6.45,20.24,8.84,1015.01,1,1
02:04.2,-1.445382351,70.54227064,70.02936767,-2.138778548,-76.72798711,-54.43036782,-6.45,20.24,8.84,1015.02,1,1
02:05.1,-1.446348508,70.54131209,70.03007443,-2.137881856,-76.72907601,-54.43231675,-6.45,20.24,8.84,1014.99,1,1
02:06.2,-1.446418473,70.54158265,70.02995247,-2.138368734,-76.72975458,-54.43285569,-6.45,20.24,8.84,1015.02,1,1
02:07.2,-1.44483979,70.54276549,70.02908522,-2.139456841,-76.72825521,-54.43004592,-6.45,20.24,8.84,1015.06,1,1
02:08.1,-1.446210508,70.54206913,70.03103108,-2.13773211,-76.72993869,-54.43291961,-6.45,20.24,8.84,1015.04,1,1
02:09.1,-1.44683312,70.54288158,70.03223571,-2.137939903,-76.73263273,-54.43563442,-6.45,20.24,8.84,1015.06,1,1
02:10.6,-1.444975366,70.54539099,70.03191038,-2.139580559,-76.7319822,-54.43311164,-6.45,20.24,8.84,1015.08,1,1
02:11.2,-1.446195519,70.54506822,70.0337331,-2.137936073,-76.73293461,-54.4351525,-6.45,20.24,8.84,1015.06,1,1
02:12.2,-1.446472009,70.54550073,70.03416569,-2.138213659,-76.73428322,-54.43645403,-6.45,20.24,8.84,1015.05,1,1
02:13.2,-1.445503864,70.54645836,70.03345741,-2.139110526,-76.73319285,-54.43450335,-6.45,20.24,8.84,1015.01,1,1
02:14.2,-1.446380228,70.54497429,70.03303808,-2.138169043,-76.731975,-54.43438887,-6.45,20.24,8.84,1015.05,1,1
02:15.1,-1.444611839,70.54507694,70.03109876,-2.139453259,-76.72985594,-54.43100812,-6.45,20.24,8.84,1015.02,1,1
02:16.2,-1.447417551,70.54252594,70.03264724,-2.136928657,-76.73154381,-54.43528762,-6.45,20.24,8.84,1015.02,1,1
02:17.2,-1.445033883,70.54416014,70.03047782,-2.139661986,-76.73039521,-54.43188476,-6.45,20.24,8.84,1015.03,1,1
02:18.2,-1.445978825,70.54320752,70.03127857,-2.138157848,-76.72996108,-54.43254774,-6.45,20.24,8.84,1015.01,1,1
02:19.2,-1.446396247,70.54261863,70.03108182,-2.138160511,-76.73050681,-54.43341536,-6.45,20.24,8.84,1015,1,1
02:20.2,-1.445000222,70.53756935,70.00838384,-2.167345177,-76.71659899,-54.32981932,-6.6,21.14,8.39,1015.04,1,1
02:21.1,-1.56724114,70.4107669,70.10361337,-1.955026224,-76.73810638,-54.63110077,-7.05,17.24,6,1015.02,1,1
02:22.2,2.257829868,73.7806439,71.38763524,-2.437211128,-77.39239663,-54.44426148,-6.3,18.29,7.94,1015.03,1,1
02:23.2,1.956490132,73.75551301,71.90581177,-1.863349778,-77.69600093,-56.1095977,-7.65,17.99,6,1015.02,1,1
02:24.1,1.666249119,73.53761676,71.66761781,-2.078185538,-77.54781317,-55.29625136,-6.15,17.39,7.79,1015.02,1,1
02:25.2,1.845526619,73.75297632,71.90449224,-1.97241256,-77.86822594,-56.17737191,-7.35,17.99,6,1015.05,1,1
02:26.2,2.579685933,74.37148935,72.09193398,-2.040340719,-77.70125001,-55.54468081,-8.39,17.54,6,1014.99,1,1
02:27.2,1.841135465,73.85501078,71.94151224,-2.054036206,-77.86983551,-55.9453727,-7.94,18.44,7.2,1015.05,1,1
02:28.1,1.188539141,72.8292093,71.30661984,-2.094389091,-77.87633011,-56.46240717,-7.2,17.84,6.45,1015.01,1,1
02:29.1,1.940472114,74.03343598,72.00690571,-2.168692897,-78.06129851,-56.00976793,-7.94,18.89,7.5,1014.99,1,1
02:30.1,1.834985478,73.78646086,71.9007113,-1.988090124,-77.76440571,-55.91684413,-7.94,18.89,7.5,1015.01,1,1
02:31.1,1.735016819,73.55176442,71.59423478,-2.308501827,-77.94908556,-55.76171059,-7.94,18.89,7.5,1015.02,1,1
02:32.2,1.810100744,73.53180657,71.52173424,-2.334462154,-77.91287297,-55.72737808,-7.94,18.89,7.5,1015.03,1,1
02:33.1,1.827865062,73.56257217,71.5417961,-2.332116212,-77.91873083,-55.73151835,-7.94,18.89,7.5,1015.01,1,1
02:34.1,1.827396989,73.56284635,71.54245444,-2.331783679,-77.91922131,-55.73230602,-7.94,18.89,7.5,1014.99,1,1
02:35.1,1.828020779,73.56307564,71.5415064,-2.332408633,-77.91796697,-55.73059832,-7.94,18.89,7.5,1014.99,1,1
02:36.1,1.82809372,73.5622178,71.54074445,-2.33213635,-77.91649838,-55.72939158,-7.94,18.89,7.5,1014.96,1,1
02:37.1,1.827270286,73.56058793,71.54018732,-2.331527841,-77.91609305,-55.7299374,-7.94,18.89,7.5,1014.99,1,1
02:38.1,1.828834788,73.56098454,71.53863804,-2.332815501,-77.91461327,-55.72723322,-7.94,18.89,7.5,1014.98,1,1
02:39.1,1.826851467,73.5593454,71.54002539,-2.330901633,-77.91594831,-55.73038566,-7.94,18.89,7.5,1014.98,1,1
02:40.1,1.828211601,73.56055747,71.53899529,-2.332609124,-77.91582848,-55.72886242,-7.94,18.89,7.5,1014.98,1,1
02:41.1,1.827743955,73.56031027,71.53952454,-2.33186029,-77.91559836,-55.72914565,-7.94,18.89,7.5,1015.02,1,1
02:42.1,1.828351968,73.56092515,71.53965884,-2.332255504,-77.91594031,-55.72887589,-7.94,18.89,7.5,1015.01,1,1
02:43.1,1.82684818,73.56070869,71.541492,-2.331094727,-77.91823667,-55.73222895,-7.94,18.89,7.5,1015.02,1,1
02:44.1,1.82176487,73.50383072,71.42546619,-2.358057288,-77.61504221,-55.10281549,-1.8,22.49,11.24,1015.02,1,1
